Kanji;Kana;Romaji;Translation;Part of Speech
油;あぶら;abura;oil;Noun
愛;あい;ai;love, affection, care;Noun, Noun, used as a suffix
愛情;あいじょう;aijou;love, affection;Noun, Noun which may take the genitive case particle 'no'
相変わらず;あいかわらず;aikawarazu;as ever, as usual, the same;Adverb (fukushi), Noun which may take the genitive case particle 'no'
生憎;あいにく;ainiku;unfortunately, sorry, but…;Na-adjective (keiyodoshi), Adverb (fukushi), Noun, Noun which may take the genitive case particle 'no';к сожалению, к несчастью; жаль что ...
愛する;あいする;aisuru;to love;Suru verb - special class, Transitive verb
相手;あいて;aite;companion, partner;Noun
合図;あいず;aizu;sign, signal;Noun, Suru verb, Transitive verb, Intransitive verb
明かり;あかり;akari;light, illumination, glow;Noun
明ける;あける;akeru;to dawn, to end (of a period, season);Ichidan verb, Transitive verb
空き;あき;aki;space, room, emptiness;Noun
空き家;あきや;akiya;vacant house, unoccupied house​;Noun
明らか;あきらか;akiraka;obvious, evident, clear;Na-adjective (keiyodoshi)
諦める;あきらめる;akirameru;to give up, to abandon;Ichidan verb, Transitive verb
飽きる;あきる;akiru;to get tired of;Ichidan verb, Suffix, Intransitive verb
悪魔;あくま;akuma;demon, evil;Noun
握手;あくしゅ;akushu;handshake;Noun, Suru verb, Intransitive verb
余る;あまる;amaru;to remain, to be left over;Godan verb with 'ru' ending, Intransitive verb
編む;あむ;amu;to knit, to braid​;Godan verb with 'mu' ending, Transitive verb
案;あん;an;idea, plan, thought;Noun, Noun, used as a suffix
汗;あせ;ase;sweat, perspiration;Noun
穴;あな;ana;hole, deficit, vacancy;Noun
暗記;あんき;anki;memorization;Noun, Suru verb, Transitive verb
安定;あんてい;antei;stability, equilibrium;Noun, Suru verb, Intransitive verb
粗い;あらい;arai;coarse, rough​;I-adjective (keiyoushi)
嵐;あらし;arashi;storm, tempest;Noun
新た;あらた;arata;new, fresh, novel;Na-adjective (keiyodoshi)
現れる;あらわれる;arawareru;to appear, to come in sight;Ichidan verb, Intransitive verb
表す;あらわす;arawasu;to represent, to show, to display;Godan verb with 'su' ending, Transitive verb
有らゆる;あらゆる;arayuru;all, every;Pre-noun adjectival (rentaishi)
足元;あしもと;ashimoto;at one’s feet, under foot;Noun, Noun which may take the genitive case particle 'no'
与える;あたえる;ataeru;to give, to bestow;Ichidan verb, Transitive verb
値;ね;atai;price, cost;Noun
辺り;あたり;atari;neighborhood, nearby;Noun, Noun, used as a suffix, Adverb (fukushi)
当たる;あたる;ataru;to be hit, to strike;Godan verb with 'ru' ending, Intransitive verb
温める;あたためる;atatameru;to warm, to heat​;Ichidan verb, Transitive verb
跡;あと;ato;trace, tracks, mark;Noun
扱う;あつかう;atsukau;to deal with, to treat;Godan verb with 'u' ending, Transitive verb
集まり;あつまり;atsumari;gathering, meeting;Noun
慌てる;あわてる;awateru;to panic​, to rush;Ichidan verb, Intransitive verb
誤り;あやまり;ayamari;error, mistake, slip;Noun
泡;あわ;awa;bubble, foam;Noun
哀れ;あわれ;aware;pity, sorrow, grief;Noun
合わせる;あわせる;awaseru;to match, to join together;Ichidan verb, Transitive verb
預ける;あずける;azukeru;to give into custody;Ichidan verb, Transitive verb
場;ば;ba;place, spot, scene;Noun
馬鹿;ばか;baka;fool, idiot;Noun
莫大;ばくだい;bakudai;enormous, vast;Na-adjective (keiyodoshi)
爆発;ばくはつ;bakuhatsu;explosion, detonation;Noun, Suru verb, Intransitive verb
場面;ばめん;bamen;scene, setting;Noun
罰する;ばっする;bassuru;to punish, to penalize;Suru verb - special class, Transitive verb
弁護士;べんごし;bengoshi;lawyer, attorney​;Noun
別々;べつべつ;betsubetsu;separately, individually​;Noun which may take the genitive case particle 'no', Na-adjective (keiyodoshi), Noun
美人;びじん;bijin;beautiful woman;Noun
微妙;びみょう;bimyou;delicate, subtle;Na-adjective (keiyodoshi), Noun
瓶;びん;bin;bottle, jar;Noun
便;びん;bin;mail, post, flight;Noun, Noun, used as a suffix
募集;ぼしゅう;boshuu;recruitment, taking applications​, raising (funds);Noun, Suru verb, Transitive verb
棒;ぼう;bou;pole, rod, stick;Noun
冒険;ぼうけん;bouken;adventure, risk;Noun, Suru verb, Intransitive verb
部分;ぶぶん;bubun;portion, section, part;Noun
部品;ぶひん;buhin;parts, components​;Noun
無事;ぶじ;buji;safety, peace;Noun, Na-adjective (keiyodoshi)
武器;ぶき;buki;weapon, arms;Noun
物価;ぶっか;bukka;prices of commodities;Noun
文;ぶん;bun;sentence;Noun
分;ぶ;bun;part, segment, share;Noun, Noun, used as a suffix
文明;ぶんめい;bunmei;civilization;Noun
分類;ぶんるい;bunrui;categorization, sorting​;Noun, Suru verb, Transitive verb
分析;ぶんせき;bunseki;analysis;Noun, Suru verb, Transitive verb
文章;ぶんしょう;bunshou;essay, article, composition;Noun
分野;ぶんや;bun’ya;field, sphere;Noun
無沙汰;ぶさた;busata;not writing or contacting for a while;Noun, Suru verb, Intransitive verb
物質;ぶっしつ;busshitsu;material, substance;Noun
舞台;ぶたい;butai;stage;Noun
打つかる;ぶつかる;butsukaru;to strike against, to collide with;Godan verb with 'ru' ending, Intransitive verb
物理;ぶつり;butsuri;physics;Noun
秒;びょう;byou;second;Noun
平等;びょうどう;byoudou;equality, evenness;Noun, Na-adjective (keiyodoshi), Noun which may take the genitive case particle 'no'
父親;ちちおや;chichioya;father;Noun
知恵;ちえ;chie;wisdom, wit;Noun
違い;ちがい;chigai;difference, discrepancy;Noun
地平線;ちへいせん;chiheisen;horizon;Noun
地方;ちほう;chihou;district, region, area;Noun
地位;ちい;chii;social position, status;Noun
地域;ちいき;chiiki;area, region;Noun
知事;ちじ;chiji;prefectural governor;Noun
地下;ちか;chika;basement, cellar;Noun, Noun which may take the genitive case particle 'no'
近頃;ちかごろ;chikagoro;lately, recently;Adverb (fukushi), Noun, Noun which may take the genitive case particle 'no'
近道;ちかみち;chikamichi;short way, shortcut​;Noun, Suru verb, Intransitive verb
力強い;ちからづよい;chikarazuyoi;powerful, strong;I-adjective (keiyoushi)
遅刻;ちこく;chikoku;lateness, late coming;Noun, Suru verb, Intransitive verb
地区;ちく;chiku;district, section, sector;Noun
地球;ちきゅう;chikyuu;the earth, the globe;Noun
知能;ちのう;chinou;intelligence, brain;Noun
知識;ちしき;chishiki;knowledge, information;Noun
貯金;ちょきん;chokin;savings;Noun, Suru verb
直接;ちょくせつ;chokusetsu;direct, immediate;Na-adjective (keiyodoshi), Noun, Noun which may take the genitive case particle 'no', Adverb (fukushi)
著者;ちょしゃ;chosha;author, writer;Noun
頂上;ちょうじょう;choujou;top, summit, peak;Noun, Noun which may take the genitive case particle 'no'
長期;ちょうき;chouki;long-term;Noun which may take the genitive case particle 'no', Noun
調査;ちょうさ;chousa;investigation, examination;Noun, Suru verb, Transitive verb
調子;ちょうし;choushi;tone, condition, health;Noun
長所;ちょうしょ;chousho;strong point, merit, virtue;Noun
朝食;ちょうしょく;choushoku;breakfast;Noun
中学;ちゅうがく;chuugaku;middle school;Noun
中間;ちゅうかん;chuukan;middle, midway, center;Noun
中古;ちゅうこ;chuuko;used, second-hand;Noun which may take the genitive case particle 'no'
注目;ちゅうもく;chuumoku;notice, attention;Noun, Suru verb, Transitive verb, Intransitive verb
注文;ちゅうもん;chuumon;order, request;Noun, Suru verb, Transitive verb
駐車;ちゅうしゃ;chuusha;parking;Noun, Suru verb, Intransitive verb
中止;ちゅうし;chuushi;suspension, stoppage;Noun, Suru verb, Transitive verb
中心;ちゅうしん;chuushin;center, middle, core;Noun, Noun which may take the genitive case particle 'no'
中心地;ちゅうしんち;chuushinchi;center, metropolis​;Noun
昼食;ちゅうしょく;chuushoku;lunch, midday meal;Noun
中央;ちゅうおう;chuuou;centre, middle;Noun, Noun which may take the genitive case particle 'no'
代;よ;dai;cost, price​, generation;Noun
大部分;だいぶぶん;daibubun;most part, majority;Noun
代表;だいひょう;daihyou;representative;Noun, Suru verb, Transitive verb
代表者;だいひょうしゃ;daihyousha;representative, delegate​;Noun
大臣;だいじん;daijin;cabinet minister;Noun
代金;だいきん;daikin;price, payment, cost;Noun
代理;だいり;dairi;representation, agency;Noun, Suru verb, Transitive verb, Noun which may take the genitive case particle 'no'
大成功;だいせいこう;daiseikou;huge success​;Noun
大小;だいしょう;daishou;sizes (various), large and small​;Noun
大都会;だいとかい;daitokai;metropolis, big city​;Noun
大統領;だいとうりょう;daitouryou;president, chief executive;Noun
黙る;だまる;damaru;to be silent;Godan verb with 'ru' ending, Intransitive verb
段;だん;dan;steps, stair, grade, rank;Noun, Counter
男女;だんじょ;danjo;men and women, both genders;Noun
男子;だんし;danshi;youth, young man;Noun
団体;だんたい;dantai;organization, association;Noun
出会い;であい;deai;meeting, encounter;Noun
出会う;であう;deau;to meet (by chance);Godan verb with 'u' ending, Intransitive verb
出来事;できごと;dekigoto;incident, affair;Noun
電池;でんち;denchi;battery, cell​;Noun
伝言;でんごん;dengon;verbal message;Noun, Suru verb, Transitive verb
電球;でんきゅう;denkyuu;light bulb;Noun
電子;でんし;denshi;electron;Noun
電子レンジ;でんしレンジ;denshi renji;microwave oven;Noun
伝統;でんとう;dentou;tradition, convention;Noun
度;ど;do;degree, counter for occurrences​;Noun, Noun, used as a suffix, Counter
毒;どく;doku;poison, toxicant;Noun
独立;どくりつ;dokuritsu;independence;Noun, Suru verb, Intransitive verb
独身;どくしん;dokushin;single, unmarried;Noun which may take the genitive case particle 'no', Noun
読書;どくしょ;dokusho;reading;Noun, Suru verb, Intransitive verb
独特;どくとく;dokutoku;peculiarity, uniqueness;Noun, Noun which may take the genitive case particle 'no', Na-adjective (keiyodoshi)
泥;どろ;doro;mud, dirt;Noun
努力;どりょく;doryoku;great effort, exertion;Noun, Suru verb, Intransitive verb
同一;どういつ;douitsu;identical, same;Noun which may take the genitive case particle 'no', Na-adjective (keiyodoshi)
当時;とうじ;touji;at that time, in those days;Noun, Adverb (fukushi)
同時;どうじ;douji;simultaneous, concurrent;Noun
銅貨;どうか;douka;copper coin;Noun
同級生;どうきゅうせい;doukyuusei;classmate;Noun
道路;どうろ;douro;road, highway;Noun
同僚;どうりょう;douryou;coworker, colleague;Noun
動詞;どうし;doushi;verb;Noun
道徳;どうとく;doutoku;morals;Noun
同様;どうよう;douyou;identical, same;Noun which may take the genitive case particle 'no', Na-adjective (keiyodoshi), Noun, Noun, used as a suffix
柄;がら;e;handle, grip;Noun, Noun, used as a suffix
描く;えがく;egaku;to draw, to paint;Godan verb with 'ku' ending, Transitive verb
笑顔;えがお;egao;smiling face;Noun
永遠;えいえん;eien;eternity;Noun, Noun which may take the genitive case particle 'no', Na-adjective (keiyodoshi)
営業;えいぎょう;eigyou;business, trade;Noun, Suru verb, Transitive verb
影響;えいきょう;eikyou;influence, effect;Noun, Suru verb, Intransitive verb
永久;えいきゅう;eikyuu;eternity;Noun, Na-adjective (keiyodoshi), Noun which may take the genitive case particle 'no'
衛星;えいせい;eisei;satellite;Noun
栄養;えいよう;eiyou;nutrition, nourishment;Noun
円;えん;en;Japanese money unit;Noun
演技;えんぎ;engi;acting, performance;Noun, Suru verb, Intransitive verb
援助;えんじょ;enjo;assistance, aid;Noun, Suru verb, Transitive verb
延期;えんき;enki;postponement;Noun, Suru verb, Transitive verb
遠足;えんそく;ensoku;excursion, outing, trip​;Noun, Suru verb, Intransitive verb
演奏;えんそう;ensou;musical performance;Noun, Suru verb, Transitive verb
演説;えんぜつ;enzetsu;speech, address;Noun, Suru verb, Intransitive verb
得る;える;eru;to get, to gain, to acquire;Ichidan verb, Transitive verb
餌;えさ;esa;feed, bait;Noun
不安;ふあん;fuan;anxiety, uneasiness;Noun, Na-adjective (keiyodoshi)
縁;ふち;fuchi;rim, edge, brink;Noun
普段;ふだん;fudan;usual, habitual;Noun which may take the genitive case particle 'no', Noun
筆;ふで;fude;writing brush;Noun
笛;ふえ;fue;flute, pipe;Noun
不平;ふへい;fuhei;complaint, dissatisfaction;Noun, Noun which may take the genitive case particle 'no', Na-adjective (keiyodoshi)
夫人;ふじん;fujin;wife, madam;Noun
婦人;ふじん;fujin;woman, lady, adult female;Noun
不自由;ふじゆう;fujiyuu;discomfort, inconvenience;Noun, Na-adjective (keiyodoshi), Suru verb
不可;ふか;fuka;wrong, bad, improper;Noun which may take the genitive case particle 'no', Na-adjective (keiyodoshi), Noun, Noun, used as a suffix
不可能;ふかのう;fukanou;impossible;Na-adjective (keiyodoshi), Noun
不幸;ふこう;fukou;unhappiness, sorrow;Noun, Na-adjective (keiyodoshi)
含む;ふくむ;fukumu;to contain, to comprise;Godan verb with 'mu' ending, Transitive verb
袋;ふくろ;fukuro;bag, sack;Noun
服装;ふくそう;fukusou;garments, attire;Noun
不満;ふまん;fuman;dissatisfaction, displeasure;Noun, Na-adjective (keiyodoshi)
雰囲気;ふんいき;fun’iki;atmosphere;Noun
触れる;ふれる;fureru;to touch, to feel;Ichidan verb, Intransitive verb
不利;ふり;furi;disadvantage, handicap;Noun, Na-adjective (keiyodoshi)
振る;ふる;furu;to wave, to shake;Godan verb with 'ru' ending, Transitive verb
震える;ふるえる;furueru;to shiver, to shake;Ichidan verb, Intransitive verb
防ぐ;ふせぐ;fusegu;to defend, to protect;Godan verb with 'gu' ending, Transitive verb
不正;ふせい;fusei;injustice, unfairness;Noun, Na-adjective (keiyodoshi), Noun which may take the genitive case particle 'no'
節;ふし;fushi;joint, knuckle, tune;Noun
不思議;ふしぎ;fushigi;wonder, miracle, strange;Na-adjective (keiyodoshi), Noun
不足;ふそく;fusoku;insufficiency;Noun, Suru verb, Intransitive verb, Na-adjective (keiyodoshi)
双子;ふたご;futago;twins;Noun
沸騰;ふっとう;futtou;boiling, becoming heated;Noun, Suru verb, Intransitive verb
夫婦;ふうふ;fuufu;married couple, spouses;Noun
風景;ふうけい;fuukei;scenery, landscape;Noun, Noun which may take the genitive case particle 'no'
不要;ふよう;fuyou;unnecessary, unneeded;Na-adjective (keiyodoshi), Noun which may take the genitive case particle 'no', Noun
不用;ふよう;fuyou;disused, unused;Na-adjective (keiyodoshi), Noun which may take the genitive case particle 'no', Noun
不用品;ふようひん;fuyouhin;disused article​;Noun
害;がい;gai;injury, harm, damage;Noun
外国語;がいこくご;gaikokugo;foreign language​;Noun
外国産;がいこくさん;gaikokusan;of foreign manufacture​;Noun which may take the genitive case particle 'no'
外交;がいこう;gaikou;diplomacy;Noun
外食;がいしょく;gaishoku;eating out, dining out​;Noun, Suru verb, Intransitive verb
外出;がいしゅつ;gaishutsu;going out;Noun, Suru verb, Intransitive verb
画家;がか;gaka;painter, artist;Noun
学期;がっき;gakki;school term;Noun
楽器;がっき;gakki;musical instrument​;Noun, Noun which may take the genitive case particle 'no'
学;がく;gaku;learning, scholarship;Noun
学部;がくぶ;gakubu;department of a university​;Noun
学問;がくもん;gakumon;learning, study;Noun, Suru verb, Intransitive verb
学者;がくしゃ;gakusha;scholar;Noun
学習;がくしゅう;gakushuu;study, learning;Noun, Suru verb, Transitive verb
画面;がめん;gamen;terminal screen;Noun
柄;がら;gara;pattern, design;Noun, Noun, used as a suffix
芸術;げいじゅつ;geijutsu;art, the arts;Noun
外科;げか;geka;surgery, department of surgery;Noun
劇;げき;geki;drama, play;Noun
劇場;げきじょう;gekijou;theater;Noun
現場;げんば;genba;actual spot, scene;Noun
現代;げんだい;gendai;nowadays, modern era;Noun, Noun which may take the genitive case particle 'no'
言語;げんご;gengo;language;Noun
現実;げんじつ;genjitsu;reality, actuality;Noun
現状;げんじょう;genjou;present condition;Noun, Noun which may take the genitive case particle 'no'
限界;げんかい;genkai;limit, bound;Noun, Noun which may take the genitive case particle 'no'
現金;げんきん;genkin;cash, ready money;Noun
現象;げんしょう;genshou;phenomenon;Noun
減少;げんしょう;genshou;decrease, decline;Noun, Suru verb, Transitive verb, Intransitive verb, Noun which may take the genitive case particle 'no'
現在;げんざい;genzai;now, current;Noun, Adverb (fukushi), Noun which may take the genitive case particle 'no'
議長;ぎちょう;gichou;chairman;Noun
議員;ぎいん;giin;member of the Diet;Noun
議会;ぎかい;gikai;congress, parliament;Noun
疑問;ぎもん;gimon;question, doubt;Noun
義務;ぎむ;gimu;duty, obligation;Noun
銀;ぎん;gin;silver;Noun
議論;ぎろん;giron;argument, discussion;Noun, Suru verb, Transitive verb
技師;ぎし;gishi;engineer, technician;Noun
語;ご;go;language;Noun, Noun, used as a suffix, Counter
語学;ごがく;gogaku;language study;Noun
豪華;ごうか;gouka;wonderful, gorgeous;Na-adjective (keiyodoshi), Noun
誤解;ごかい;gokai;misunderstanding;Noun, Suru verb, Transitive verb, Intransitive verb
極;きょく;goku;quite, very;Noun
塵;ゴミ;gomi;rubbish, trash;Noun
合格;ごうかく;goukaku;passing (exam), success;Noun, Suru verb, Intransitive verb
合計;ごうけい;goukei;total amount;Noun, Suru verb, Transitive verb
強盗;ごうとう;goutou;robber, mugger;Noun
軍;ぐん;gun;army, troop;Noun
軍隊;ぐんたい;guntai;armed forces;Noun
具体;ぐたい;gutai;concrete, tangible;Noun
偶然;ぐうぜん;guuzen;by chance, unexpectedly;Noun, Na-adjective (keiyodoshi), Noun which may take the genitive case particle 'no'
逆;ぎゃく;gyaku;reverse, opposite;Noun which may take the genitive case particle 'no', Na-adjective (keiyodoshi), Noun
行儀;ぎょうぎ;gyougi;manners, behavior;Noun
幅;はば;haba;width, breadth;Noun
省く;はぶく;habuku;to omit, to leave out;Godan verb with 'ku' ending, Transitive verb
肌;はだ;hada;skin;Noun
裸;はだか;hadaka;naked, nude;Noun, Noun which may take the genitive case particle 'no'
派手;はで;hade;showy, flashy;Na-adjective (keiyodoshi), Noun
生える;はえる;haeru;to grow, to spring up;Ichidan verb, Intransitive verb
激しい;はげしい;hageshii;violent, furious;I-adjective (keiyoushi)
母親;ははおや;hahaoya;mother;Noun
灰;はい;hai;ashes;Noun
掃く;はく;haku;to sweep, to brush;Godan verb with 'ku' ending, Transitive verb
歯磨き;はみがき;hamigaki;brushing one’s teeth​;Noun, Suru verb, Intransitive verb
配送;はいそう;haisou;delivery;Noun, Suru verb, Transitive verb
配達;はいたつ;haitatsu;delivery, distribution;Noun, Suru verb, Transitive verb
俳優;はいゆう;haiyuu;actor, actress;Noun
始まり;はじまり;hajimari;origin, beginning;Noun
墓;はか;haka;grave, tomb;Noun
計る;はかる;hakaru;to measure, to weigh;Godan verb with 'ru' ending, Transitive verb
博士;はかせ;hakase;doctorate;Noun
発見;はっけん;hakken;discovery, finding;Noun, Suru verb, Transitive verb
発行;はっこう;hakkou;issue, publishing;Noun, Suru verb, Transitive verb
履く;はく;haku;to wear, to put on;Godan verb with 'ku' ending, Transitive verb
吐く;はく;haku;to vomit, to throw up;Godan verb with 'ku' ending, Transitive verb
博物館;はくぶつかん;hakubutsukan;museum;Noun
拍手;はくしゅ;hakushu;applause;Noun, Suru verb, Intransitive verb
花火;はなび;hanabi;fireworks;Noun
離れる;はなれる;hanareru;to be separated;Ichidan verb, Intransitive verb
話し合う;はなしあう;hanashiau;to discuss;Godan verb with 'u' ending, Transitive verb
話しかける;はなしかける;hanashikakeru;to start a conversation;Ichidan verb, Transitive verb
離す;はなす;hanasu;to separate, to part;Godan verb with 'su' ending, Transitive verb
放す;はなす;hanasu;to release, to let go;Godan verb with 'su' ending, Transitive verb
花束;はなたば;hanataba;bunch of flowers, bouquet​;Noun
花屋;はなや;hanaya;florist, flower shop​;Noun
羽;はね;hane;feather, down;Noun
販売;はんばい;hanbai;sales, selling;Noun, Suru verb, Transitive verb
判断;はんだん;handan;judgment, decision;Noun, Suru verb, Transitive verb
範囲;はんい;han’i;range, scope, extent;Noun
反抗;はんこう;hankou;opposition, resistance;Noun, Suru verb, Intransitive verb
犯人;はんにん;hannin;offender, criminal;Noun
半年;はんとし;hantoshi;half year​;Noun, Adverb (fukushi)
犯罪;はんざい;hanzai;crime, offense;Noun
発表;はっぴょう;happyou;announcement;Noun, Suru verb, Transitive verb
腹;はら;hara;abdomen, stomach;Noun
原;はら;hara;field, plain;Noun
針;はり;hari;needle, pin;Noun
鋏;はさみ;hasami;scissors;Noun
破産;はさん;hasan;bankruptcy;Noun, Suru verb, Intransitive verb
端;はし;hashi;end, edge;Noun
発車;はっしゃ;hassha;departure of a vehicle;Noun, Suru verb, Intransitive verb
発生;はっせい;hassei;outbreak, occurrence;Noun, Suru verb, Intransitive verb
旗;はた;hata;flag;Noun
畑;はたけ;hatake;field;Noun
働き;はたらき;hataraki;work, labor;Noun
発達;はったつ;hattatsu;development, growth;Noun, Suru verb, Intransitive verb
発展;はってん;hatten;development, growth;Noun, Suru verb, Intransitive verb
発売;はつばい;hatsubai;sale, launch (product)​;Noun, Suru verb, Transitive verb
発明;はつめい;hatsumei;invention;Noun, Suru verb, Transitive verb
早めに;はやめに;hayame ni;ahead of time;Adverb (fukushi)
外す;はずす;hazusu;to undo, to remove;Godan verb with 'su' ending, Transitive verb
塀;へい;hei;wall, fence;Noun
平方メートル;へいほうメートル;heihou meetoru;square meter​;Noun
平日;へいじつ;heijitsu;weekday, ordinary days;Adverb (fukushi), Noun
平均;へいきん;heikin;average, mean;Noun, Suru verb, Transitive verb
平和;へいわ;heiwa;peace, harmony;Noun, Na-adjective (keiyodoshi)
変化;へんか;henka;change, alteration;Noun, Suru verb, Intransitive verb
変更;へんこう;henkou;change, modification;Noun, Suru verb, Transitive verb
返却;へんきゃく;henkyaku;return of something, repayment​;Noun, Suru verb, Transitive verb
減らす;へらす;herasu;to abate, to decrease;Godan verb with 'su' ending, Transitive verb
減る;へる;heru;to decrease, to diminish;Godan verb with 'ru' ending, Intransitive verb
費;ひ;hi;cost, expense​;Noun, used as a suffix
冷える;ひえる;hieru;to grow cold, to get chilly;Ichidan verb, Intransitive verb
被害;ひがい;higai;(suffering) damage, harm;Noun
悲劇;ひげき;higeki;tragedy;Noun
批判;ひはん;hihan;criticism, judgment;Noun, Suru verb, Transitive verb
批評;ひひょう;hihyou;criticism, review;Noun, Suru verb, Transitive verb
非常;ひじょう;hijou;emergency, extraordinary;Noun
比較;ひかく;hikaku;comparison;Noun, Suru verb, Transitive verb
引き受ける;ひきうける;hikiukeru;to undertake, to accept;Ichidan verb, Transitive verb
飛行;ひこう;hikou;aviation, flight;Noun, Suru verb, Intransitive verb
轢く;ひく;hiku;to run over (with a vehicle);Godan verb with 'ku' ending, Transitive verb
秘密;ひみつ;himitsu;secret, secrecy;Noun, Na-adjective (keiyodoshi), Noun which may take the genitive case particle 'no'
紐;ひも;himo;string, cord;Noun
引っ張る;ひっぱる;hipparu;to pull, to draw;Godan verb with 'ru' ending, Transitive verb
広がる;ひろがる;hirogaru;to spread out, to extend;Godan verb with 'ru' ending, Intransitive verb
昼寝;ひるね;hirune;nap (afternoon), siesta​;Noun, Suru verb, Intransitive verb
必死;ひっし;hisshi;frantic, desperate;Na-adjective (keiyodoshi), Noun which may take the genitive case particle 'no'
額;がく, ひたい;gaku, hitai;forehead, brow;Noun;сумма, количество, картина ,лоб
否定;ひてい;hitei;negation, denial;Noun, Suru verb, Transitive verb
人々;ひとびと;hitobito;people, men and women;Noun;люди, народ
人込み;ひとごみ;hitogomi;crowd of people;Noun
一言;ひとこと;hitokoto;single word, a few words;Noun, Suru verb, Transitive verb, Intransitive verb
一人暮らし;ひとりぐらし;hitorigurashi;living by oneself, living alone​;Noun
等しい;ひとしい;hitoshii;equal;I-adjective (keiyoushi)
費用;ひよう;hiyou;cost, expense;Noun
膝;ひざ;hiza;knee, lap;Noun
日付;ひづけ;hizuke;date;Noun
略;ほぼ;hobo;almost, roughly;Adverb (fukushi)
歩道;ほどう;hodou;footpath, walkway;Noun
吠える;ほえる;hoeru;to bark, to howl;Ichidan verb, Intransitive verb
微笑む;ほほえむ;hohoemu;to smile;Godan verb with 'mu' ending, Intransitive verb
誇り;ほこり;hokori;pride, boast;Noun
埃;ほこり;hokori;dust;Noun
歩行者;ほこうしゃ;hokousha;pedestrian, walker​;Noun
骨;ほね;hone;bone;Noun
本気;ほんき;honki;seriousness, earnestness, truth;Noun, Noun which may take the genitive case particle 'no', Na-adjective (keiyodoshi)
本物;ほんもの;honmono;genuine article;Noun, Noun which may take the genitive case particle 'no'
本人;ほんにん;honnin;the person himself;Noun
炎;ほのお;honoo;flame, blaze;Noun
本屋;ほんや;hon’ya;bookstore, bookshop​;Noun
頬;ほお;hoo;cheek (of face);Noun
掘る;ほる;horu;to dig, to excavate;Godan verb with 'ru' ending, Transitive verb
保証;ほしょう;hoshou;guarantee, security;Noun, Suru verb, Transitive verb
干す;ほす;hosu;to dry, to drink up;Godan verb with 'su' ending, Transitive verb
保存;ほぞん;hozon;preservation, conservation;Noun, Suru verb, Transitive verb
方;ほう;hou;direction, way, side;Noun
法;ほう;hou;law, act, principle;Noun, Noun, used as a suffix
放題;ほうだい;houdai;to one’s heart’s content;Suffix
豊富;ほうふ;houfu;abundance, wealth;Na-adjective (keiyodoshi), Noun
方法;ほうほう;houhou;method, way, manner;Noun
報告;ほうこく;houkoku;report, information;Noun, Suru verb, Transitive verb
方向;ほうこう;houkou;direction, way;Noun
訪問;ほうもん;houmon;call, visit;Noun, Suru verb, Transitive verb, Noun which may take the genitive case particle 'no'
宝石;ほうせき;houseki;gem, jewel;Noun
放送;ほうそう;housou;broadcast, broadcasting;Noun, Suru verb, Transitive verb
表;ひょう;hyou;table, chart, list;Noun
評判;ひょうばん;hyouban;fame, reputation;Noun, Noun which may take the genitive case particle 'no'
表現;ひょうげん;hyougen;expression, representation;Noun, Suru verb, Transitive verb
表情;ひょうじょう;hyoujou;facial expression;Noun
評価;ひょうか;hyouka;valuation, estimation;Noun, Suru verb, Transitive verb
表面;ひょうめん;hyoumen;surface, face;Noun, Noun which may take the genitive case particle 'no'
胃;い;i;stomach;Noun
一致;いっち;icchi;match, agreement;Noun, Suru verb, Intransitive verb
位置;いち;ichi;place, position;Noun, Suru verb, Intransitive verb
市場;いちば;ichiba;market, the market place;Noun
一部;いちぶ;ichibu;one part, one portion;Noun, Adverb (fukushi)
一度に;いちどに;ichido ni;all at once;Adverb (fukushi)
一時;いちじ;ichiji;time, moment;Noun
一応;いちおう;ichiou;just in case​, pretty much;Noun, Noun which may take the genitive case particle 'no', Adverb (fukushi)
一流;いちりゅう;ichiryuu;first-class, top grade;Noun which may take the genitive case particle 'no', Noun
偉大;いだい;idai;greatness;Na-adjective (keiyodoshi)
抱く;いだく;idaku;to embrace;Godan verb with 'ku' ending, Transitive verb
移動;いどう;idou;movement, transfer;Noun, Suru verb, Transitive verb, Intransitive verb
衣服;いふく;ifuku;clothes;Noun
意外;いがい;igai;unexpected, surprising;Na-adjective (keiyodoshi), Adverb taking the 'to' particle, Noun
違反;いはん;ihan;violence, offense;Noun, Suru verb, Intransitive verb
委員;いいん;iin;committee member;Noun
維持;いじ;iji;maintenance, preservation;Noun, Suru verb, Transitive verb
異常;いじょう;ijou;strangeness, abnormality;Na-adjective (keiyodoshi), Noun
一家;いっか;ikka;a house, a home;Noun
息;いき;iki;breath;Noun
生き物;いきもの;ikimono;living thing, animal;Noun
勢い;いきおい;ikioi;force, vigor, energy;Noun
以降;いこう;ikou;hereafter, since;Noun, Adverb (fukushi)
居間;いま;ima;living room;Noun
今に;いまに;ima ni;before long, even now;Adverb (fukushi)
今にも;いまにも;ima ni mo;at any time, soon;Adverb (fukushi)
稲;いね;ine;rice-plant;Noun
居眠り;いねむり;inemuri;nodding off, dozing;Noun, Suru verb, Intransitive verb
命;いのち;inochi;life, life force;Noun
飲料;いんりょう;inryou;beverage, drink​;Noun
印刷;いんさつ;insatsu;printing;Noun, Suru verb, Transitive verb
飲食;いんしょく;inshoku;food and drink, eating and drinking​;Noun, Suru verb, Transitive verb, Intransitive verb
印象;いんしょう;inshou;impression;Noun
引退;いんたい;intai;retire;Noun, Suru verb, Intransitive verb
引用;いんよう;in’you;quotation, citation;Noun, Suru verb, Transitive verb, Noun which may take the genitive case particle 'no'
一般;いっぱん;ippan;general, universal;Noun which may take the genitive case particle 'no', Noun
一方;いっぽう;ippou;one way, the other way;Noun
以来;いらい;irai;since, henceforth;Noun, Adverb (fukushi)
依頼;いらい;irai;request, commission;Noun, Suru verb, Transitive verb
苛々;いらいら;iraira;getting nervous, irritation;Suru verb, Noun, Adverb (fukushi), Adverb taking the 'to' particle
衣類;いるい;irui;clothes, garments​;Noun
医療;いりょう;iryou;medical care;Noun
医師;いし;ishi;doctor, physician;Noun
意思;いし;ishi;intention, purpose;Noun
意志;いし;ishi;will, volition;Noun
意識;いしき;ishiki;consciousness;Noun, Suru verb
一生;いっしょう;isshou;whole life, a lifetime;Noun, Noun which may take the genitive case particle 'no', Adverb (fukushi)
一種;いっしゅ;isshu;species, kind;Noun
一瞬;いっしゅん;isshun;instant, moment;Noun, Adverb (fukushi)
一層;いっそう;issou;much more, still more;Adverb (fukushi)
板;いた;ita;board, plank;Noun
痛み;いたみ;itami;pain, ache, soreness;Noun
痛む;いたむ;itamu;to hurt;Godan verb with 'mu' ending, Intransitive verb
至る;いたる;itaru;to arrive at, to reach;Godan verb with 'ru' ending, Intransitive verb
悪戯;いたずら;itazura;mischief, prank;Noun, Suru verb, Transitive verb, Intransitive verb
従兄弟;いとこ;itoko;cousin;Noun
一体;いったい;ittai;what on earth…;Adverb (fukushi)
岩;いわ;iwa;rock;Noun
言わば;いわば;iwaba;so to speak;Adverb (fukushi)
祝う;いわう;iwau;to congratulate, to celebrate;Godan verb with 'u' ending, Transitive verb
嫌がる;いやがる;iyagaru;to hate, to dislike​;Godan verb with 'ru' ending, Transitive verb
以前;いぜん;izen;ago, since, before;Noun, used as a suffix
泉;いずみ;izumi;spring, fountain;Noun
自動;じどう;jidou;automatic;Noun which may take the genitive case particle 'no', Noun
自動販売機;じどうはんばいき;jidouhanbaiki;vending machine​;Noun
自動車;じどうしゃ;jidousha;automobile;Noun
事実;じじつ;jijitsu;fact, truth, reality;Adverb (fukushi), Noun
事情;じじょう;jijou;circumstances;Noun
直に;じかに;jika ni;directly, in person;Adverb (fukushi)
事件;じけん;jiken;event, affair, accident;Noun
時期;じき;jiki;time, season, period;Noun, Adverb (fukushi)
実家;じっか;jikka;(one’s parents’) home​;Noun
実験;じっけん;jikken;experiment;Noun, Suru verb, Transitive verb
実行;じっこう;jikkou;execution, practice;Noun, Suru verb, Transitive verb
時刻;じこく;jikoku;instant, time, moment;Noun
自慢;じまん;jiman;pride, boast;Noun, Suru verb, Transitive verb, Noun which may take the genitive case particle 'no'
地面;じめん;jimen;ground, earth’s surface​;Noun
事務;じむ;jimu;business, office work;Noun
事務室;じむしつ;jimushitsu;office (room)​;Noun
人物;じんぶつ;jinbutsu;person, character, figure;Noun
人工;じんこう;jinkou;artificial, man-made;Noun, Noun which may take the genitive case particle 'no'
人類;じんるい;jinrui;mankind, humanity;Noun
生;なま;jinsei;life;Noun which may take the genitive case particle 'no', Noun
人種;じんしゅ;jinshu;race (of people), type of person;Noun
時差;じさ;jisa;time difference​;Noun
自殺;じさつ;jisatsu;suicide;Noun, Suru verb, Intransitive verb
自身;じしん;jishin;by oneself, personally;Noun, Noun, used as a suffix
自信;じしん;jishin;self-confidence;Noun
実際;じっさい;jissai;practical, reality;Noun, Noun which may take the genitive case particle 'no'
実施;じっし;jisshi;enforcement, implementation;Noun, Suru verb, Transitive verb
実習;じっしゅう;jisshuu;practice (in the field);Noun, Suru verb, Transitive verb
事態;じたい;jitai;situation;Noun
自宅;じたく;jitaku;one’s home, one’s house​;Noun
実現;じつげん;jitsugen;implementation;Noun, Suru verb, Transitive verb, Intransitive verb
実力;じつりょく;jitsuryoku;(real) ability, true strength;Noun
実は;じつは;jitsu wa;as a matter of fact;Expressions (phrases, clauses, etc.), Adverb (fukushi)
実用;じつよう;jitsuyou;practical use, utility​;Noun
徐々;じょじょ;jojo;gradually, steadily;'taru' adjective, Adverb taking the 'to' particle
女子;じょし;joshi;woman, girl;Noun
助手;じょしゅ;joshu;helper, assistant;Noun
女王;じょおう;joou;queen;Noun
丈夫;じょうぶ;joubu;healthy, robust, strong;Na-adjective (keiyodoshi)
冗談;じょうだん;joudan;jest, joke;Noun
上下;じょうげ;jouge;up and down​, top and bottom;Noun
上品;じょうひん;jouhin;elegant, polished​;Na-adjective (keiyodoshi)
情報;じょうほう;jouhou;information, news;Noun
条件;じょうけん;jouken;conditions, terms;Noun
上空;じょうくう;joukuu;sky, upper air;Noun
乗客;じょうきゃく;joukyaku;passenger;Noun
上京;じょうきょう;joukyou;proceeding to the capital (Tokyo);Noun, Suru verb, Intransitive verb
状況;じょうきょう;joukyou;state of affairs;Noun
常識;じょうしき;joushiki;common sense;Noun
状態;じょうたい;joutai;condition, situation;Noun
上達;じょうたつ;joutatsu;improvement, advance;Noun, Suru verb, Intransitive verb
上等;じょうとう;joutou;superiority, first-class;Noun which may take the genitive case particle 'no', Na-adjective (keiyodoshi), Noun
女優;じょゆう;joyuu;actress;Noun
受験;じゅけん;juken;taking an examination;Noun, Suru verb, Transitive verb
順;じゅん;jun;order, turn;Noun, Noun, used as a suffix
順番;じゅんばん;junban;turn, order of things;Noun
順調;じゅんちょう;junchou;favorable, doing well;Na-adjective (keiyodoshi), Noun
銃;じゅう;juu;gun, rifle;Noun
重大;じゅうだい;juudai;serious, important;Na-adjective (keiyodoshi), Noun
柔道;じゅうどう;juudou;judo;Noun
住民;じゅうみん;juumin;citizens, inhabitants;Noun
重視;じゅうし;juushi;importance, stress;Noun, Suru verb, Transitive verb
渋滞;じゅうたい;juutai;congestion, stagnation;Noun, Suru verb, Intransitive verb
住宅;じゅうたく;juutaku;residence, housing;Noun
重要;じゅうよう;juuyou;important, essential;Na-adjective (keiyodoshi)
需要;じゅよう;juyou;demand, request;Noun
株;かぶ;kabu;stock, share;Noun, Counter
被る;かぶる;kaburu;to put on (one’s head);Godan verb with 'ru' ending, Transitive verb
勝ち;かち;kachi;win, victory;Noun
価値;かち;kachi;value, worth;Noun
替える;かえる;kaeru;to replace, to exchange;Ichidan verb, Transitive verb
会;かい;kai;meeting, assembly;Noun, Noun, used as a suffix
回;かい;kai;counter for occurrences;Counter
回復;かいふく;kaifuku;recovery;Noun, Suru verb, Transitive verb, Intransitive verb
絵画;かいが;kaiga;picture, painting;Noun
会合;かいごう;kaigou;meeting, assembly;Noun, Suru verb, Intransitive verb
海外;かいがい;kaigai;foreign, abroad;Noun, Noun which may take the genitive case particle 'no'
会員;かいいん;kaiin;member;Noun
会計;かいけい;kaikei;account, finance;Noun, Noun which may take the genitive case particle 'no', Suru verb
改札;かいさつ;kaisatsu;ticket gate, ticket barrier​;Noun, Suru verb, Intransitive verb
解決;かいけつ;kaiketsu;settlement, solution;Noun, Suru verb, Transitive verb, Intransitive verb
快晴;かいせい;kaisei;clear weather, cloudless weather;Noun, Noun which may take the genitive case particle 'no'
会社員;かいしゃいん;kaishain;company employee​;Noun
解釈;かいしゃく;kaishaku;explanation, interpretation;Noun, Suru verb, Transitive verb
開始;かいし;kaishi;start, beginning;Noun, Suru verb, Transitive verb, Intransitive verb
回収;かいしゅう;kaishuu;collection, retrieval;Noun, Suru verb, Transitive verb
回数;かいすう;kaisuu;number of times, frequency;Noun
快適;かいてき;kaiteki;pleasant, comfortable;Na-adjective (keiyodoshi), Noun
改善;かいぜん;kaizen;improvement;Noun, Suru verb, Transitive verb, Intransitive verb
化学;かがく;kagaku;chemistry;Noun
輝く;かがやく;kagayaku;to shine, to glitter;Godan verb with 'ku' ending, Intransitive verb
影;かげ;kage;shadow;Noun
加減;かげん;kagen;adjustment, degree, extent;Noun, Noun, used as a suffix
鍵;かぎ;kagi;key;Noun
限る;かぎる;kagiru;to restrict, to limit;Godan verb with 'ru' ending, Transitive verb
籠;かご;kago;basket, cage;Noun
家具;かぐ;kagu;furniture;Noun
家事;かじ;kaji;housework;Noun
抱える;かかえる;kakaeru;to hold in the arms;Ichidan verb, Transitive verb
価格;かかく;kakaku;price, value, cost;Noun
関わる;かかわる;kakawaru;to be concerned with, to have to do with;Godan verb with 'ru' ending, Intransitive verb
欠ける;かける;kakeru;to be lacking;Ichidan verb, Intransitive verb
書き直す;かきなおす;kakinaosu;to write out, to rewrite;Godan verb with 'su' ending, Transitive verb
活気;かっき;kakki;energy, liveliness;Noun
過去;かこ;kako;the past, bygone days;Noun, Adverb (fukushi), Noun which may take the genitive case particle 'no'
囲む;かこむ;kakomu;to surround, to encircle;Godan verb with 'mu' ending, Transitive verb
各地;かくち;kakuchi;every place, various places​;Noun
拡大;かくだい;kakudai;magnification;Noun, Suru verb, Transitive verb, Intransitive verb
覚悟;かくご;kakugo;resolution, readiness;Noun, Suru verb, Transitive verb
確実;かくじつ;kakujitsu;certainty, reliability;Na-adjective (keiyodoshi), Noun
確認;かくにん;kakunin;confirmation, verification;Noun, Suru verb, Transitive verb
隠れる;かくれる;kakureru;to hide, to be hidden;Ichidan verb, Intransitive verb
隠す;かくす;kakusu;to hide, to conceal;Godan verb with 'su' ending, Transitive verb
我慢;がまん;gaman;patience, endurance;Noun, Suru verb, Transitive verb, Intransitive verb
構う;かまう;kamau;to mind, to care about;Godan verb with 'u' ending
神;かみ;kami;God, deity;Noun
上;じょう;kami;person of high rank, government;Noun, Noun which may take the genitive case particle 'no'
雷;かみなり;kaminari;lightning, thunder;Noun
髪の毛;かみのけ;kami no ke;hair (head);Expressions (phrases, clauses, etc.), Noun
科目;かもく;kamoku;school subject;Noun
缶;かん;kan;can, tin;Noun, Counter
管;かん;kan;pipe, tube;Noun, Noun, used as a suffix
勘;かん;kan;perception, intuition;Noun
看板;かんばん;kanban;signboard, billboard;Noun
必ずしも;かならずしも;kanarazushimo;not always;Adverb (fukushi)
可也;かなり;kanari;considerably, fairly;Adverb (fukushi), Noun which may take the genitive case particle 'no', Na-adjective (keiyodoshi)
悲しむ;かなしむ;kanashimu;to be sad, to mourn for;Godan verb with 'mu' ending, Transitive verb
感動;かんどう;kandou;feeling deeply moved emotionally;Noun, Suru verb, Intransitive verb
考え;かんがえ;kangae;thinking, thought, view;Noun
歓迎;かんげい;kangei;welcome, reception;Noun, Suru verb, Transitive verb
感激;かんげき;kangeki;deep emotion, impression;Noun, Suru verb, Intransitive verb
患者;かんじゃ;kanja;patient;Noun
感じ;かんじ;kanji;feeling, sense;Noun
感じる;かんじる;kanjiru;to feel, to sense;Ichidan verb, Transitive verb, Intransitive verb
勘定;かんじょう;kanjou;calculation, counting;Noun, Suru verb, Transitive verb
感情;かんじょう;kanjou;emotion, feeling;Noun, Noun which may take the genitive case particle 'no'
感覚;かんかく;kankaku;sense, sensation, feeling;Noun, Suru verb, Transitive verb
間隔;かんかく;kankaku;space, interval​;Noun
観光;かんこう;kankou;sightseeing;Noun, Suru verb, Transitive verb
観光客;かんこうきゃく;kankoukyaku;tourist;Noun
観客;かんきゃく;kankyaku;audience, spectator;Noun
環境;かんきょう;kankyou;environment;Noun
可能;かのう;kanou;potential, possible;Na-adjective (keiyodoshi), Noun
管理人;かんりにん;kanrinin;administrator, manager;Noun
観察;かんさつ;kansatsu;observation;Noun, Suru verb, Transitive verb
感謝;かんしゃ;kansha;thanks, gratitude;Noun, Suru verb, Transitive verb, Intransitive verb
感想;かんそう;kansou;impressions, thoughts;Noun
乾燥;かんそう;kansou;drying (e.g. clothes), dryness;Noun, Suru verb, Transitive verb, Intransitive verb
香り;かおり;kaori;fragrance;Noun
空;から;kara;emptiness, vacuum, blank;Noun
彼ら;かれら;karera;they (usually male);Pronoun
枯れる;かれる;kareru;to wither (of a plant);Ichidan verb, Intransitive verb
刈る;かる;karu;to cut (hair), to mow (grass);Godan verb with 'ru' ending, Transitive verb
火災;かさい;kasai;conflagration, fire;Noun
重ねる;かさねる;kasaneru;to pile up, to heap up;Ichidan verb, Transitive verb
稼ぐ;かせぐ;kasegu;to earn income;Godan verb with 'gu' ending, Transitive verb
完成;かんせい;kansei;complete, completion;Noun, Suru verb, Transitive verb, Intransitive verb
貸出;かしだし;kashidashi;lending, loaning;Noun, Suru verb
賢い;かしこい;kashikoi;wise, clever, smart;I-adjective (keiyoushi)
感心;かんしん;kanshin;admiration;Noun, Suru verb, Intransitive verb
関心;かんしん;kanshin;concern, interest;Noun
関連;かんれん;kanren;relation, connection;Noun, Suru verb, Intransitive verb
管理;かんり;kanri;control, management;Noun, Suru verb, Transitive verb
完了;かんりょう;kanryou;completion, conclusion;Noun, Suru verb, Transitive verb, Intransitive verb
関する;かんする;kansuru;to concern, to be related;Suru verb - special class
監督;かんとく;kantoku;supervision;Noun, Suru verb, Transitive verb
歌手;かしゅ;kashu;singer;Noun
型;かた;kata;model, type;Noun, Noun, used as a suffix
肩;かた;kata;shoulder;Noun
方々;かたがた;katagata;they (people), you (plural);Noun
片方;かたほう;katahou;one of a pair, one side;Noun
固まる;かたまる;katamaru;to harden, to solidify​;Godan verb with 'ru' ending, Intransitive verb
刀;かたな;katana;sword, katana;Noun
語り合う;かたりあう;katariau;to talk together;Godan verb with 'u' ending, Transitive verb
語る;かたる;kataru;to talk about;Godan verb with 'ru' ending, Transitive verb
仮定;かてい;katei;assumption, hypothesis;Noun, Suru verb, Transitive verb
動;どう;katsudou;action, activity;Noun
活用;かつよう;katsuyou;practical use;Noun, Suru verb, Transitive verb
勝手;かって;katte;one’s own convenience, selfish;Noun, Na-adjective (keiyodoshi)
飼う;かう;kau;to keep (a pet);Godan verb with 'u' ending, Transitive verb
皮;かわ;kawa;skin, pelt;Noun
革;かわ;kawa;leather;Noun
可愛らしい;かわいらしい;kawairashii;lovely, sweet;I-adjective (keiyoushi)
可哀そう;かわいそう;kawaisou;poor, pitiable;Na-adjective (keiyodoshi), Noun
川沿い;かわぞい;kawazoi;along the river, riverside;Noun which may take the genitive case particle 'no'
完全;かんぜん;kanzen;perfection, completeness;Na-adjective (keiyodoshi), Noun which may take the genitive case particle 'no', Noun
飾り;かざり;kazari;decoration;Noun, Noun, used as a suffix
数える;かぞえる;kazoeru;to count;Ichidan verb, Transitive verb
数;かず;kazu;number;Prefix
経営;けいえい;keiei;management;Noun, Suru verb, Transitive verb
敬意;けいい;keii;respect, honor;Noun
掲示;けいじ;keiji;notice, bulletin;Noun, Suru verb, Transitive verb
刑事;けいじ;keji;police detective, criminal matter;Noun
掲示板;けいじばん;keijiban;bulletin board, notice board;Noun
景気;けいき;keiki;business condition;Noun
警告;けいこく;keikoku;warning, advice;Noun, Suru verb, Transitive verb
傾向;けいこう;keikou;tendency, trend;Noun
計算;けいさん;keisan;calculation, reckoning;Noun, Suru verb, Transitive verb
契約;けいやく;keiyaku;contract, agreement;Noun, Suru verb, Transitive verb
経由;けいゆ;keiyu;through, via;Noun, Suru verb, Intransitive verb
結果;けっか;kekka;result, consequence;Noun
欠陥;けっかん;kekkan;defect, fault;Noun
結局;けっきょく;kekkyoku;after all, eventually;Adverb (fukushi)
煙;けむり;kemuri;smoke, fumes;Noun
券;けん;ken;ticket, coupon;Noun, Noun, used as a suffix
県;けん;ken;prefecture (of Japan);Noun, Noun, used as a suffix
建築;けんちく;kenchiku;construction, architecture;Noun, Suru verb, Transitive verb
見学;けんがく;kengaku;inspection, field trip;Noun, Suru verb
見解;けんかい;kenkai;opinion, point of view;Noun
健康;けんこう;kenkou;health;Noun
研究者;けんきゅうしゃ;kenkyuusha;researcher;Noun
研究所;けんきゅうじょ;kenkyuusho;research institute, laboratory​;Noun
憲法;けんぽう;kenpou;constitution;Noun
権利;けんり;kenri;right, privilege;Noun
検査;けんさ;kensa;inspection, examination;Noun, Suru verb, Transitive verb
建設;けんせつ;kensetsu;construction;Noun, Suru verb, Transitive verb
見当;けんとう;kentou;aim, mark, direction;Noun
検討;けんとう;kentou;consideration, examination;Noun, Suru verb, Transitive verb
欠席;けっせき;kesseki;absence;Noun, Suru verb, Intransitive verb
決心;けっしん;kesshin;determination, resolution;Noun, Suru verb, Transitive verb
化粧;けしょう;keshou;make-up, cosmetics;Noun, Suru verb, Transitive verb, Intransitive verb
決定;けってい;kettei;decision, determination;Noun, Suru verb, Transitive verb, Intransitive verb
欠点;けってん;ketten;weak point, weakness;Noun
血圧;けつあつ;ketsuatsu;blood pressure​;Noun
血液;けつえき;ketsueki;blood;Noun
血液型;けつえきがた;ketsuekigata;blood type;Noun
結論;けつろん;ketsuron;conclusion;Noun, Suru verb, Intransitive verb
気に入る;きにいる;ki ni iru;to be pleased with;Expressions (phrases, clauses, etc.), Godan verb with 'ru' ending
気の毒;きのどく;ki no doku;pitiful, unfortunate;Na-adjective (keiyodoshi), Noun
希望;きぼう;kibou;hope, wish;Noun, Suru verb, Transitive verb
希望者;きぼうしゃ;kibousha;applicant, candidate;Noun
貴重;きちょう;kichou;precious, valuable;Na-adjective (keiyodoshi), Noun
寄付;きふ;kifu;contribution, donation;Noun, Suru verb, Transitive verb
機嫌;きげん;kigen;humor, temper, mood;Noun
期限;きげん;kigen;time limit, deadline;Noun
企業;きぎょう;kigyou;enterprise, undertaking;Noun
基本;きほん;kihon;foundation, basis;Noun, Noun which may take the genitive case particle 'no'
生地;きじ;kiji;cloth, fabric;Noun
記事;きじ;kiji;article, news story;Noun
機械;きかい;kikai;machine, mechanism;Noun
期間;きかん;kikan;period, term;Noun
機関;きかん;kikan;engine, agency, organization;Noun
帰国;きこく;kikoku;return to one’s country​;Noun, Suru verb, Intransitive verb
気候;きこう;kikou;climate;Noun
効く;きく;kiku;to be effective;Godan verb with 'ku' ending, Intransitive verb
決まり;きまり;kimari;rule, settlement;Noun, Noun which may take the genitive case particle 'no'
気味;きみ;kimi;sensation, feeling;Noun
金;きん;kin;gold;Noun
緊張;きんちょう;kinchou;tension, nervousness;Noun, Suru verb, Intransitive verb
近代;きんだい;kindai;present day;Noun
禁煙;きんえん;kin’en;no smoking;Noun, Suru verb, Intransitive verb
記念品;きねんひん;kinenhin;souvenir, memento​;Noun
金額;きんがく;kingaku;amount of money;Noun
気になる;きになる;ki ni naru;to bother one, to worry about;Expressions (phrases, clauses, etc.), Godan verb with 'ru' ending
気にする;きにする;ki ni suru;to mind, to care about;Expressions (phrases, clauses, etc.), Suru verb - included
金庫;きんこ;kinko;safe, vault;Noun
筋肉;きんにく;kinniku;muscle;Noun
金銭;きんせん;kinsen;money, cash;Noun, Noun which may take the genitive case particle 'no'
禁止;きんし;kinshi;prohibition, ban;Noun, Suru verb, Transitive verb
金属;きんぞく;kinzoku;metal;Noun
奇妙;きみょう;kimyou;strange, queer;Na-adjective (keiyodoshi), Noun
記念;きねん;kinen;commemoration;Noun, Suru verb, Transitive verb
機能;きのう;kinou;function;Noun, Suru verb, Intransitive verb
記入;きにゅう;kinyuu;entry, filling in forms;Noun, Suru verb, Transitive verb
金融;きんゆう;kin’yuu;financing, money circulation;Noun
記憶;きおく;kioku;memory, recollection;Noun, Suru verb, Transitive verb
気温;きおん;kion;atmospheric temperature;Noun
霧;きり;kiri;fog, mist;Noun
切れ;きれ;kire;piece, slide;Noun
切れる;きれる;kireru;to break, to snap;Ichidan verb, Intransitive verb
記録;きろく;kiroku;record, document;Noun, Suru verb, Transitive verb
記者;きしゃ;kisha;reporter;Noun
岸;きし;kishi;bank, coast, shore;Noun
基礎;きそ;kiso;foundation, basis​;Noun, Noun which may take the genitive case particle 'no'
期待;きたい;kitai;expectation, hope;Noun, Suru verb, Transitive verb, Intransitive verb
帰宅;きたく;kitaku;returning home;Noun, Suru verb, Intransitive verb
際;さい;kiwa;edge, brink, verge;Noun
嫌う;きらう;kirau;to hate, to dislike;Godan verb with 'u' ending, Transitive verb
傷;きず;kizu;wound, injury, cut;Noun
器用;きよう;kiyou;dexterous, skillful;Na-adjective (keiyodoshi), Noun
気付く;きづく;kizuku;to notice, to realize;Godan verb with 'ku' ending, Intransitive verb
越える;こえる;koeru;to cross over;Ichidan verb, Transitive verb
恋;こい;koi;love;Noun
濃い;こい;koi;thick, dense, strong;I-adjective (keiyoushi)
恋人;こいびと;koibito;lover, sweetheart;Noun
恋しい;こいしい;koishii;yearned for, missed;I-adjective (keiyoushi)
個人;こじん;kojin;individual, personal;Noun
国家;こっか;kokka;state, country, nation;Noun
国会;こっかい;kokkai;National Diet, parliament;Noun
国境;こっきょう;kokkyou;national border;Noun
黒板;こくばん;kokuban;blackboard;Noun
国語;こくご;kokugo;national language;Noun
克服;こくふく;kokufuku;conquest, overcoming;Noun, Suru verb, Transitive verb
国民;こくみん;kokumin;national, citizen;Noun
穀物;こくもつ;kokumotsu;grain, cereal;Noun, Noun which may take the genitive case particle 'no'
故郷;ふるさと;kokyou;home town, birthplace;Noun
呼吸;こきゅう;kokyuu;breathing, respiration;Noun, Suru verb, Transitive verb, Intransitive verb
小麦;こむぎ;komugi;wheat;Noun
今後;こんご;kongo;from now on;Noun, Adverb (fukushi)
今回;こんかい;konkai;now, this time;Noun, Adverb (fukushi)
粉;こな;kona;flour, powder;Noun
困難;こんなん;konnan;difficulty, distress;Noun, Na-adjective (keiyodoshi)
今日;きょう;konnichi;this day, these days, recently;Noun, Adverb (fukushi)
好み;このみ;konomi;liking, taste;Noun, Noun which may take the genitive case particle 'no'
好む;このむ;konomu;to like, to prefer;Godan verb with 'mu' ending, Transitive verb
混乱;こんらん;konran;disorder, chaos;Noun, Suru verb, Intransitive verb
婚約;こんやく;kon’yaku;engagement, betrothal;Noun, Suru verb, Intransitive verb, Noun which may take the genitive case particle 'no'
混雑;こんざつ;konzatsu;congestion, jam;Noun, Suru verb, Intransitive verb
氷;こおり;koori;ice;Noun
凍る;こおる;kooru;to freeze;Godan verb with 'ru' ending, Intransitive verb
転ぶ;ころぶ;korobu;to fall down;Godan verb with 'bu' ending, Intransitive verb
殺す;ころす;korosu;to kill;Godan verb with 'su' ending, Transitive verb
腰;こし;koshi;lower back, waist;Noun
骨折;こっせつ;kossetsu;bone fracture;Noun, Suru verb, Transitive verb
異なる;ことなる;kotonaru;to differ, to vary;Godan verb with 'ru' ending, Intransitive verb
断る;ことわる;kotowaru;to refuse, to reject;Godan verb with 'ru' ending, Transitive verb
諺;ことわざ;kotowaza;proverb, maxim;Noun
好物;こうぶつ;koubutsu;favourite food​;Noun
行動;こうどう;koudou;action, conduct, behavior;Noun, Suru verb, Intransitive verb, Noun which may take the genitive case particle 'no'
講演;こうえん;kouen;lecture, address, speech;Noun, Suru verb, Transitive verb, Intransitive verb
幸福;こうふく;koufuku;happiness;Noun, Na-adjective (keiyodoshi)
攻撃;こうげき;kougeki;attack, strike;Noun, Suru verb, Transitive verb
公平;こうへい;kouhei;fairness, justice;Noun, Na-adjective (keiyodoshi)
候補;こうほ;kouho;candidate;Noun
後方;こうほう;kouhou;behind, in the rear;Noun, Noun which may take the genitive case particle 'no'
工事;こうじ;kouji;construction work​;Noun, Suru verb, Transitive verb, Intransitive verb
効果;こうか;kouka;effect, effectiveness;Noun, Noun which may take the genitive case particle 'no'
硬貨;こうか;kouka;coin;Noun
高価;こうか;kouka;high price;Na-adjective (keiyodoshi), Noun
交換;こうかん;koukan;exchange, interchange;Noun, Suru verb, Transitive verb
光景;こうけい;koukei;scene, spectacle;Noun
貢献;こうけん;kouken;contribution;Noun, Suru verb, Intransitive verb
広告;こうこく;koukoku;advertisement;Noun, Suru verb, Transitive verb
航空;こうくう;koukuu;aviation, flying;Noun
公共;こうきょう;koukyou;public, community;Noun which may take the genitive case particle 'no', Noun
購入;こうにゅう;kounyuu;purchase, buy;Noun, Suru verb, Transitive verb
考慮;こうりょ;kouryo;consideration;Noun, Suru verb, Transitive verb
交流;こうりゅう;kouryuu;(cultural) exchange, networking;Noun, Suru verb, Intransitive verb
交際;こうさい;kousai;association, friendship;Noun, Suru verb, Intransitive verb
構成;こうせい;kousei;organization, composition;Noun, Suru verb, Transitive verb
高速;こうそく;kousoku;high speed;Na-adjective (keiyodoshi), Noun which may take the genitive case particle 'no', Noun
後者;こうしゃ;kousha;the latter;Noun
交通費;こうつうひ;koutsuuhi;traveling expenses;Noun
幸運;こううん;kouun;good luck, fortune;Noun, Na-adjective (keiyodoshi)
小屋;こや;koya;hut, cabin, shed;Noun
小包;こづつみ;kozutsumi;parcel, package;Noun
配る;くばる;kubaru;to distribute, to hand out;Godan verb with 'ru' ending, Transitive verb
区別;くべつ;kubetsu;distinction, differentiation;Noun, Suru verb, Transitive verb
工夫;くふう;kufuu;solving ingeniously​;Noun, Suru verb, Transitive verb
組;くみ;kumi;set, group;Noun, Noun, used as a suffix
組合;くみあい;kumiai;association, union;Noun
組み立てる;くみたてる;kumitateru;to assemble, to set up;Ichidan verb, Transitive verb
曇;くもり;kumori;cloudiness, cloudy weather;Noun
曇る;くもる;kumoru;to get cloudy;Godan verb with 'ru' ending, Intransitive verb
組む;くむ;kumu;to link, to put together;Godan verb with 'mu' ending
訓練;くんれん;kunren;practice, training;Noun, Suru verb, Transitive verb
位;くらい;kurai;rank, class, grade;Noun
暮らし;くらし;kurashi;life, living;Noun, Noun, used as a suffix
暮らす;くらす;kurasu;to live;Godan verb with 'su' ending, Intransitive verb
暮れ;くれ;kure;sunset, sundown;Noun, Adverb (fukushi), Noun which may take the genitive case particle 'no', Noun, used as a suffix
繰り返す;くりかえす;kurikaesu;to repeat;Godan verb with 'su' ending, Transitive verb, Intransitive verb
苦労;くろう;kurou;troubles, hardships;Noun, Suru verb
苦しい;くるしい;kurushii;painful, difficult;I-adjective (keiyoushi)
苦しむ;くるしむ;kurushimu;to suffer;Godan verb with 'mu' ending, Intransitive verb
狂う;くるう;kuruu;to go mad;Godan verb with 'u' ending, Intransitive verb
臭い;くさい;kusai;stinking, smelly;I-adjective (keiyoushi)
鎖;くさり;kusari;chain;Noun
腐る;くさる;kusaru;to rot, to go bad;Godan verb with 'ru' ending, Intransitive verb
癖;くせ;kuse;habit;Noun
苦痛;くつう;kutsuu;pain, agony;Noun
加える;くわえる;kuwaeru;to add, to sum up;Ichidan verb, Transitive verb
詳しい;くわしい;kuwashii;detailed;I-adjective (keiyoushi)
加わる;くわわる;kuwawaru;to be added to;Godan verb with 'ru' ending, Intransitive verb
句;く;ku;sentence, passage;Noun, Noun, used as a suffix
食う;くう;kuu;to eat;Godan verb with 'u' ending, Transitive verb
悔しい;くやしい;kuyashii;annoying, frustrating;I-adjective (keiyoushi)
巨大;きょだい;kyodai;huge, gigantic;Na-adjective (keiyodoshi), Noun
許可;きょか;kyoka;permission, approval;Noun, Suru verb, Transitive verb
局;きょく;kyoku;bureau, department;Noun, Noun, used as a suffix
距離;きょり;kyori;distance, range​;Noun
強調;きょうちょう;kyouchou;emphasis, highlight;Noun, Suru verb, Transitive verb
共同;きょうどう;kyoudou;doing together, joint;Noun, Noun, used as a prefix, Suru verb, Intransitive verb, Noun which may take the genitive case particle 'no'
恐怖;きょうふ;kyoufu;fear, dread, dismay;Noun, Suru verb, Transitive verb, Intransitive verb
競技;きょうぎ;kyougi;game, match;Noun, Suru verb, Intransitive verb
競合;きょうごう;kyougou;competition, rivalry;Noun, Suru verb, Intransitive verb
教授;きょうじゅ;kyouju;professor;Noun
教科書;きょうかしょ;kyoukasho;textbook;Noun
供給;きょうきゅう;kyoukyuu;supply, provision;Noun, Suru verb, Transitive verb
協力;きょうりょく;kyouryoku;cooperation;Noun, Suru verb, Intransitive verb
強力;きょうりょく;kyouryoku;powerful, strong;Na-adjective (keiyodoshi), Noun
教師;きょうし;kyoushi;teacher (classroom);Noun
共通;きょうつう;kyoutsuu;commonness, community;Noun which may take the genitive case particle 'no', Na-adjective (keiyodoshi), Noun
共通点;きょうつうてん;kyoutsuuten;point in common, common feature​;Noun
級;きゅう;kyuu;class (school, grade, rank;Noun, Counter
急に;きゅうに;kyuu ni;swiftly, rapidly;Adverb (fukushi)
急激;きゅうげき;kyuugeki;sudden, radical;Na-adjective (keiyodoshi)
休日;きゅうじつ;kyuujitsu;holiday, day off​;Noun
救助;きゅうじょ;kyuujo;relief, aid;Noun, Suru verb, Transitive verb
休暇;きゅうか;kyuuka;holiday, day off;Noun
休憩;きゅうけい;kyuukei;rest, break, recess;Noun, Suru verb, Intransitive verb
給料;きゅうりょう;kyuuryou;salary, wages;Noun
吸収;きゅうしゅう;kyuushuu;absorption;Noun, Suru verb, Transitive verb
急速;きゅうそく;kyuusoku;rapid (progress);Na-adjective (keiyodoshi), Noun
眩しい;まぶしい;mabushii;dazzling, radiant​;I-adjective (keiyoushi)
間違い;まちがい;machigai;mistake, error, blunder;Noun
間違う;まちがう;machigau;to make a mistake;Godan verb with 'u' ending, Intransitive verb
窓口;まどぐち;madoguchi;ticket window, counter;Noun
孫;まご;mago;grandchild;Noun
迷子;まいご;maigo;lost child, lost person;Noun
任せる;まかせる;makaseru;to entrust, to leave to;Ichidan verb, Transitive verb
負け;まけ;make;defeat, loss;Noun
幕;まく;maku;curtain;Noun
豆;まめ;mame;beans;Noun
守る;まもる;mamoru;to protect, to guard;Godan verb with 'ru' ending, Transitive verb
学ぶ;まなぶ;manabu;to study, to learn;Godan verb with 'bu' ending, Transitive verb
真似;まね;mane;imitating, copying;Noun, Suru verb
招く;まねく;maneku;to invite, to ask;Godan verb with 'ku' ending, Transitive verb
万一;まんいち;man’ichi;by some chance;Noun
満点;まんてん;manten;perfect score, full marks​;Noun
満足;まんぞく;manzoku;satisfaction, contentment;Noun, Na-adjective (keiyodoshi), Suru verb
丸;まる;maru;circle;Noun
真逆;まさか;masaka;by no means, never;
正に;まさに;masa ni;exactly, surely;Adverb (fukushi)
増す;ます;masu;to increase, to grow;Godan verb with 'su' ending, Intransitive verb, Transitive verb
回り;まわり;mawari;rotation;Noun
回す;まわす;mawasu;to turn, to rotate;Godan verb with 'su' ending, Transitive verb
迷う;まよう;mayou;to lose one’s way;Godan verb with 'u' ending, Intransitive verb
先ず;まず;mazu;first of all, to start with;Adverb (fukushi)
混ぜる;まぜる;mazeru;to mix, to stir;Ichidan verb, Transitive verb
貧しい;まずしい;mazushii;poor;I-adjective (keiyoushi)
命じる;めいじる;meijiru;to order, to command;Ichidan verb, Transitive verb
明確;めいかく;meikaku;clear, precise;Na-adjective (keiyodoshi)
命令;めいれい;meirei;order, command;Noun, Suru verb, Transitive verb
迷惑;めいわく;meiwaku;trouble, bother, annoyance;Noun, Na-adjective (keiyodoshi)
面;めん;men;face, mask;Noun
綿;めん;men;cotton;Noun
面倒;めんどう;mendou;trouble, care;Noun, Na-adjective (keiyodoshi)
免許;めんきょ;menkyo;license, permit;Noun, Suru verb, Transitive verb
免許証;めんきょしょう;menkyoshou;license, permit;Noun
面接;めんせつ;mensetsu;interview (e.g. for a job)​;Noun, Suru verb, Intransitive verb
飯;めし;meshi;cooked rice, meal;Noun
目覚まし時計;めざましどけい;mezamashidokei;alarm clock​;Noun
身;み;mi;body, oneself;Noun
実;み;mi;fruit, nut;Noun, Noun which may take the genitive case particle 'no'
身につける;みにつける;minitsukeru;to learn, to acquire knowledge​;Expressions (phrases, clauses, etc.), Ichidan verb;учиться, приобретать знания, носить (одежду и т. п.), надеть
満ちる;みちる;michiru;to be full;Ichidan verb, Intransitive verb
身近;みぢか;midjika;near oneself, close to one;Na-adjective (keiyodoshi), Noun
見事;みごと;migoto;splendid, magnificent;Na-adjective (keiyodoshi), Adverb (fukushi)
味方;みかた;mikata;friend, ally;Noun, Noun which may take the genitive case particle 'no'
見舞い;みまい;mimai;visiting ill or distressed people;Noun
未満;みまん;miman;less than, insufficient​;Noun, used as a suffix, Noun, Adverb (fukushi)
見送り;みおくり;miokuri;seeing one off;Noun
見送る;みおくる;miokuru;to see someone off;Godan verb with 'ru' ending, Transitive verb
未来;みらい;mirai;the future;Noun
魅力;みりょく;miryoku;charm, fascination;Noun
認める;みとめる;mitomeru;to accept, to admit;Ichidan verb, Transitive verb
見つめる;みつめる;mitsumeru;to stare at, to gaze at;Ichidan verb, Transitive verb
土産;みやげ;miyage;present, souvenir;Noun
都;みやこ;miyako;capital, metropolis;Noun
持上げる;もちあげる;mochiageru;to elevate, to raise;Ichidan verb, Transitive verb
持ち運び;もちはこび;mochihakobi;carrying;Noun
用いる;もちいる;mochiiru;to use, to make use of;Ichidan verb, Transitive verb
持ち物;もちもの;mochimono;personal effects, one’s belongings​;Noun
戻す;もどす;modosu;to put back, to give back;Godan verb with 'su' ending, Transitive verb
燃える;もえる;moeru;to burn, to get fired up;Ichidan verb, Intransitive verb
文字;もじ;moji;letter (of alphabet);Noun
目標;もくひょう;mokuhyou;objective, target;Noun
目的;もくてき;mokuteki;goal, purpose, aim;Noun
文句;もんく;monku;complaint, grumbling;Noun
者;もの;mono;person;Noun
物語;ものがたり;monogatari;tale, story;Noun
物事;ものごと;monogoto;things, everything;Noun
物音;ものおと;monooto;sounds;Noun
盛り;さかり;mori;serving, helping;Noun, Noun, used as a suffix
元;もと;moto;origin, source, base;Noun
求める;もとめる;motomeru;to want, to wish for;Ichidan verb, Transitive verb
最も;もっとも;mottomo;most, extremely;Adverb (fukushi)
毛布;もうふ;moufu;blanket;Noun
申し込み;もうしこみ;moushikomi;application, entry;Noun
申込書;もうしこみしょ;moushikomisho;application form;Noun
申し込む;もうしこむ;moushikomu;to apply for;Godan verb with 'mu' ending, Transitive verb
申し訳;もうしわけ;moushiwake;apology, excuse;Noun, Suru verb
模様;もよう;moyou;pattern, design;Noun
夢中;むちゅう;muchuu;daze, ecstasy;Na-adjective (keiyodoshi), Noun which may take the genitive case particle 'no', Noun
無駄;むだ;muda;futility, uselessness;Noun, Na-adjective (keiyodoshi)
迎え;むかえ;mukae;meeting, greeting;Noun
向かい;むかい;mukai;facing, opposite;Noun, Noun which may take the genitive case particle 'no'
向ける;むける;mukeru;to turn toward, to point;Ichidan verb, Transitive verb
向く;むく;muku;to face, to turn toward;Godan verb with 'ku' ending, Transitive verb, Intransitive verb
剥く;むく;muku;to peel, to skin;Godan verb with 'ku' ending, Transitive verb
胸;むね;mune;chest, breast;Noun
無料;むりょう;muryou;free, no charge;Noun which may take the genitive case particle 'no', Noun
無視;むし;mushi;disregarding, ignoring;Noun, Suru verb, Transitive verb
虫歯;むしば;mushiba;cavity, tooth decay;Noun
結ぶ;むすぶ;musubu;to tie, to bind;Godan verb with 'bu' ending, Transitive verb
妙;みょう;myou;strange, unusual;Na-adjective (keiyodoshi), Noun
名;な;na;name, given name;Noun
鍋;なべ;nabe;saucepan, pot;Noun
撫でる;なでる;naderu;to stroke, to caress;Ichidan verb, Transitive verb
長生き;ながいき;nagaiki;longevity, long life​;Noun, Suru verb, Intransitive verb
眺め;ながめ;nagame;view, scene, prospect;Noun
眺める;ながめる;nagameru;to view, to gaze at;Ichidan verb, Transitive verb
流れ;ながれ;nagare;stream, current, flow;Noun
流れる;ながれる;nagareru;to stream, to flow;Ichidan verb, Intransitive verb
流す;ながす;nagasu;to drain, to shed;Godan verb with 'su' ending, Transitive verb
慰める;なぐさめる;nagusameru;to comfort, to console;Ichidan verb, Transitive verb
内緒;ないしょ;naisho;secrecy, confidentiality;Noun, Noun which may take the genitive case particle 'no'
内容;ないよう;naiyou;contents, matter;Noun
仲;なか;naka;relation, relationship;Noun
半ば;なかば;nakaba;middle, half;Noun, Noun, used as a suffix
仲間;なかま;nakama;fellow, companion;Noun
中身;なかみ;nakami;contents, interior;Noun
仲直り;なかなおり;nakanaori;reconciliation, make peace with​;Noun, Suru verb, Intransitive verb
生;なま;nama;raw, uncooked;Noun which may take the genitive case particle 'no', Noun
怠ける;なまける;namakeru;to be idle;Ichidan verb, Intransitive verb
波;なみ;nami;wave;Noun
涙;なみだ;namida;tears;Noun
直;なお;nao;straight, ordinary, common;Noun
情けない;なさけない;nasakenai;miserable, pitiable;I-adjective (keiyoushi)
納得;なっとく;nattoku;consent, assent;Noun, Suru verb, Transitive verb, Intransitive verb
懐かしい;なつかしい;natsukashii;missed, nostalgic​;I-adjective (keiyoushi)
縄;なわ;nawa;rope, cord;Noun
悩む;なやむ;nayamu;to be worried;Godan verb with 'mu' ending, Intransitive verb
謎;なぞ;nazo;riddle, puzzle, mystery;Noun
根;ね;ne;root, source, origin;Noun
熱中;ねっちゅう;necchuu;going nuts (over something);Noun, Suru verb, Intransitive verb
値段;ねだん;nedan;price, cost;Noun
願い;ねがい;negai;desire, wish;Noun
願う;ねがう;negau;to desire, to wish;Godan verb with 'u' ending, Transitive verb
年代;ねんだい;nendai;age, era, period;Noun
年中;ねんじゅう;nenjuu;whole year, all year round;Noun
年間;ねんかん;nenkan;years (period of);Noun, Adverb (fukushi)
年齢;ねんれい;nenrei;age, years;Noun
熱帯;ねったい;nettai;tropics;Noun
鼠;ねずみ;nezumi;mouse, rat;Noun
似合う;にあう;niau;to suit, to match;Godan verb with 'u' ending, Intransitive verb
日常;にちじょう;nichijou;ordinary, everyday;Noun which may take the genitive case particle 'no', Noun, Adverb (fukushi)
日中;にっちゅう;nicchuu;daytime, during the day;Noun, Adverb (fukushi)
日時;にちじ;nichiji;date and time​;Noun
日夜;にちや;nichiya;day and night, always, constantly;Adverb (fukushi), Noun
苦手;にがて;nigate;poor at, weak in;Na-adjective (keiyodoshi), Noun
握る;にぎる;nigiru;to grip, to grasp;Godan verb with 'ru' ending, Transitive verb
日本;にほん;nihon;Japan;Noun
日光;にっこう;nikkou;sunlight;Noun
人間;にんげん;ningen;human being, person;Noun
人気;にんき;ninki;popularity;Noun, Noun which may take the genitive case particle 'no'
人数;にんずう;ninzuu;the number of people​;Noun
日程;にってい;nittei;schedule, program;Noun
野;の;no;plain, field;Noun
伸ばす;のばす;nobasu;to grow long;Godan verb with 'su' ending, Transitive verb
述べる;のべる;noberu;to state, to express;Ichidan verb, Transitive verb
伸びる;のびる;nobiru;to stretch, to extend;Ichidan verb, Intransitive verb
軒;けん;noki;eaves;Noun
残り;のこり;nokori;remnant, residue;Noun, Noun which may take the genitive case particle 'no'
残す;のこす;nokosu;to leave (behind);Godan verb with 'su' ending, Transitive verb
乗せる;のせる;noseru;to place on;Ichidan verb, Transitive verb
能;のう;nou;talent, gift, function;Noun
農業;のうぎょう;nougyou;agriculture;Noun
農家;のうか;nouka;farmer, farm family;Noun
農民;のうみん;noumin;farmers, peasants;Noun, Noun which may take the genitive case particle 'no'
能力;のうりょく;nouryoku;ability;Noun
除く;のぞく;nozoku;to exclude, to except;Godan verb with 'ku' ending, Transitive verb
望み;のぞみ;nozomi;hope, desire, wish;Noun
望む;のぞむ;nozomu;to desire, to wish for;Godan verb with 'mu' ending, Transitive verb
抜ける;ぬける;nukeru;to come out, to fall out;Ichidan verb, Intransitive verb
抜く;ぬく;nuku;to extract, to omit;Godan verb with 'ku' ending, Transitive verb
布;ぬの;nuno;cloth;Noun
入学;にゅうがく;nyuugaku;matriculation;Noun, Suru verb, Intransitive verb
入院;にゅういん;nyuuin;hospitalization;Noun, Suru verb, Intransitive verb
入場;にゅうじょう;nyuujou;entrance, admission;Noun, Suru verb, Intransitive verb
入力;にゅうりょく;nyuuryoku;input, (data) entry​;Noun, Suru verb, Transitive verb
入社;にゅうしゃ;nyuusha;joining a company;Noun, Suru verb, Intransitive verb
溺れる;おぼれる;oboreru;to drown;Ichidan verb, Intransitive verb
帯;おび;obi;obi, kimono sash;Noun
落ち着く;おちつく;ochitsuku;to calm down, to compose oneself;Godan verb with 'ku' ending, Intransitive verb
穏やか;おだやか;odayaka;calm, gentle, quiet;Na-adjective (keiyodoshi)
終える;おえる;oeru;to finish;Ichidan verb, Transitive verb, Auxiliary verb
老い;おい;oi;old age, old person;Noun
丘;おか;oka;hill, height;Noun
沖;おき;oki;open sea;Noun
起こる;おこる;okoru;to occur, to happen;Godan verb with 'ru' ending, Intransitive verb
奥;おく;oku;inner part;Noun
贈る;おくる;okuru;to give (as a gift);Godan verb with 'ru' ending, Transitive verb
主に;おもに;omo ni;mainly, primarily;Adverb (fukushi)
思い出;おもいで;omoide;memories;Noun
思わず;おもわず;omowazu;unintentionally;Adverb (fukushi)
恩;おん;on;favor, debt of gratitude;Noun
温暖;おんだん;ondan;warm, mild;Na-adjective (keiyodoshi), Noun
温度;おんど;ondo;temperature;Noun
鬼;おに;oni;demon;Noun
温泉;おんせん;onsen;hot spring​;Noun
追い付く;おいつく;oitsuku;to catch up with;Godan verb with 'ku' ending, Intransitive verb
大雨;おおあめ;ooame;heavy rain​;Noun
大型;おおがた;oogata;large, larged-size;Noun which may take the genitive case particle 'no', Noun
大いに;おおいに;ooi ni;very, much, greatly;Adverb (fukushi)
覆う;おおう;oou;to cover, to conceal;Godan verb with 'u' ending, Transitive verb
大家;おおや;ooya;landlord, landlady;Noun
大雪;おおゆき;ooyuki;heavy snow​;Noun
下す;くだす;orosu;to lower, to drop;Godan verb with 'su' ending, Transitive verb
降ろす;おろす;orosu;to take down, to unload;Godan verb with 'su' ending, Transitive verb
収める;おさめる;osameru;to dedicate, to supply;Ichidan verb, Transitive verb
幼い;おさない;osanai;very young, childish;I-adjective (keiyoushi)
抑える;おさえる;osaeru;to restrain, to control;Ichidan verb, Transitive verb
汚染;おせん;osen;pollution, contamination;Noun, Suru verb, Transitive verb, Intransitive verb
劣る;おとる;otoru;to be inferior to;Godan verb with 'ru' ending, Intransitive verb
恐らく;おそらく;osoraku;perhaps, likely;Adverb (fukushi)
恐れる;おそれる;osoreru;to fear, to be afraid of;Ichidan verb, Transitive verb
恐ろしい;おそろしい;osoroshii;terrible, dreadful;I-adjective (keiyoushi)
追う;おう;ou;to chase, to run after;Godan verb with 'u' ending, Transitive verb
応募;おうぼ;oubo;application, enlistment;Noun, Suru verb, Transitive verb, Intransitive verb
応援;おうえん;ouen;aid, assistance, help;Noun, Suru verb, Transitive verb
往復;おうふく;oufuku;making a round trip;Noun, Suru verb, Intransitive verb
王/王様;おう;ou/ousama;king, ruler;Noun, Noun, used as a suffix
横断;おうだん;oudan;crossing, traverse;Noun, Suru verb, Intransitive verb
王子;おうじ;ouji;prince;Noun
応じる;おうじる;oujiru;to respond, to comply;Ichidan verb, Intransitive verb
応用;おうよう;ouyou;putting to practical use​;Noun, Suru verb, Transitive verb
終;おわり;owari;the end;Noun
及ぼす;およぼす;oyobosu;to exert, to cause;Godan verb with 'su' ending, Transitive verb
泳ぎ;およぎ;oyogi;swimming;Noun
凡そ;およそ;oyoso;about, roughly;Adverb (fukushi)
楽;らく;raku;comfort, ease;Noun, Na-adjective (keiyodoshi)
例;れい;rei;example, case;Noun
礼儀;れいぎ;reigi;manners, courtesy;Noun
冷静;れいせい;reisei;calm, composure;Noun, Na-adjective (keiyodoshi)
連絡先;れんらくさき;renrakusaki;contact address​;Noun
練習;れんしゅう;renshuu;practice, practicing;Noun, Suru verb, Transitive verb
連想;れんそう;rensou;association of ideas;Noun, Suru verb, Transitive verb
連続;れんぞく;renzoku;serial, consecutive;Noun, Suru verb, Transitive verb, Intransitive verb
列車;れっしゃ;ressha;train (ordinary);Noun
列;れつ;retsu;queue, line;Noun
利益;りえき;rieki;profit, gains;Noun
理解;りかい;rikai;understanding, comprehension;Noun, Suru verb, Transitive verb
離婚;りこん;rikon;divorce;Noun, Suru verb, Intransitive verb
利口;りこう;rikou;clever, intelligent;Na-adjective (keiyodoshi), Noun
立派;りっぱ;rippa;splendid, fine;Na-adjective (keiyodoshi)
理想;りそう;risou;ideal;Noun, Noun which may take the genitive case particle 'no'
率;りつ;ritsu;rate, ratio;Noun, Noun, used as a suffix
利用者;りようしゃ;riyousha;user, consumer​;Noun
論文;ろんぶん;ronbun;thesis, essay;Noun
論じる;ろんじる;ronjiru;to argue, to debate;Ichidan verb, Transitive verb
論争;ろんそう;ronsou;controversy, dispute;Noun, Suru verb, Intransitive verb
労働;ろうどう;roudou;manual labor, work;Noun, Suru verb, Intransitive verb
老人;ろうじん;roujin;the aged, old person;Noun
量;りょう;ryou;quantity, amount;Noun, Noun, used as a suffix
両替;りょうがえ;ryougae;change, money exchange;Noun, Suru verb, Transitive verb
料金;りょうきん;ryoukin;fee, charge, fare;Noun
領収書;りょうしゅうしょ;ryoushuusho;hand-written receipt​;Noun
留学;りゅうがく;ryuugaku;studying abroad;Noun, Suru verb, Intransitive verb
流行;りゅうこう;ryuukou;fashion, vogue;Noun, Suru verb, Intransitive verb, Noun which may take the genitive case particle 'no'
差;さ;sa;difference, variation;Noun, Noun, used as a suffix
砂漠;さばく;sabaku;desert;Noun
差別;さべつ;sabetsu;discrimination;Noun, Suru verb, Transitive verb
作業;さぎょう;sagyou;work, operation;Noun, Suru verb, Intransitive verb
作法;さほう;sahou;manners, etiquette;Noun;манеры, поведение, этикет
裁判;さいばん;saiban;trial, judgement;Noun, Suru verb, Transitive verb, Noun which may take the genitive case particle 'no'
最上;さいじょう;saijou;best;Noun which may take the genitive case particle 'no', Noun
参加者;さんかしゃ;sankasha;participant, entrant​;Noun;участник
最高;さいこう;saikou;highest, supreme;Noun which may take the genitive case particle 'no', Na-adjective (keiyodoshi), Noun;максимум, ~[no] наивысший, максимальный; верховный, воскл. отлично!, классно!, лучше не бывает
才能;さいのう;sainou;talent, ability;Noun;талант, дар, способности, ~no aru талантливый, одарённый
最終;さいしゅう;saishuu;last, final;Noun which may take the genitive case particle 'no', Noun;~[no] последний, заключительный, окончательный
最低;さいてい;saitei;least, lowest, worst;Noun which may take the genitive case particle 'no', Na-adjective (keiyodoshi), Noun;~[no] самый низкий, минимальный, ~de как минимум, самое меньшее, разг. подлый, низкий, отвратительный
幸い;さいわい;saiwai;happiness, luckily;Na-adjective (keiyodoshi), Noun;счастье, благополучие, удача
境;さかい;sakai;border, boundery;Noun;граница
逆らう;さからう;sakarau;to go against, to oppose;Godan verb with 'u' ending, Intransitive verb
盛り;さかり;sakari;peak, height;Noun, Noun, used as a suffix
叫ぶ;さけぶ;sakebu;to shout, to cry;Godan verb with 'bu' ending, Intransitive verb
避ける;さける;sakeru;to avoid, to ward off;Ichidan verb, Transitive verb
作家;さっか;sakka;author, writer;Noun
作曲;さっきょく;sakkyoku;composition;Noun, Suru verb, Transitive verb, Intransitive verb
作品;さくひん;sakuhin;work, production;Noun
作物;さくもつ;sakumotsu;produce, crops;Noun
桜;さくら;sakura;cherry blossom;Noun
覚ます;さます;samasu;to awaken;Godan verb with 'su' ending, Transitive verb
覚める;さめる;sameru;to wake up;Ichidan verb, Intransitive verb
様々;さまざま;samazama;varied, various;Na-adjective (keiyodoshi), Noun
参加;さんか;sanka;participation;Noun, Suru verb, Intransitive verb
参考;さんこう;sankou;reference, consultation;Noun
賛成;さんせい;sansei;approval, agreement;Noun, Suru verb, Intransitive verb, Noun which may take the genitive case particle 'no'
酸素;さんそ;sanso;oxygen;Noun
更に;さらに;sara ni;furthermore, again;Adverb (fukushi), Conjunction
去る;さる;saru;to leave, to go away;Godan verb with 'ru' ending, Intransitive verb
猿;さる;saru;monkey;Noun
支える;ささえる;sasaeru;to support, to prop;Ichidan verb, Transitive verb
誘う;さそう;sasou;to invite, to call for;Godan verb with 'u' ending, Transitive verb
指す;さす;sasu;to point, to indicate;Godan verb with 'su' ending, Transitive verb
偖;さて;sate;well, now, then;Conjunction
札;さつ;satsu;note, paper money;Noun, Noun, used as a suffix
騒ぎ;さわぎ;sawagi;uproar, disturbance;Noun, Noun, used as a suffix
左右;さゆう;sayuu;left and right, control;Noun
正;せい;sei;true, regular;Noun, Noun which may take the genitive case particle 'no'
性;せい;sei;gender;Noun
所為;せい;sei;consequence, result, blame;Noun
製;せい;sei;-made, make​;Noun, used as a suffix, Noun
性別;せいべつ;seibetsu;gender;Noun
生物;せいぶつ;seibutsu;living things;Noun
成長;せいちょう;seichou;growth, grow to adulthood;Noun, Suru verb, Intransitive verb
制度;せいど;seido;system, institution;Noun, Noun which may take the genitive case particle 'no'
政府;せいふ;seifu;government, administration;Noun
制服;せいふく;seifuku;uniform;Noun
制限;せいげん;seigen;restriction, restraint;Noun, Suru verb, Transitive verb
製品;せいひん;seihin;manufactured goods;Noun
政治家;せいじか;seijika;politician, statesman​;Noun
成人;せいじん;seijin;adult;Noun
正常;せいじょう;seijou;normalcy, normality;Na-adjective (keiyodoshi), Noun
正解;せいかい;seikai;correct, right;Noun, Suru verb, Transitive verb, Intransitive verb
性格;せいかく;seikaku;character, personality;Noun
正確;せいかく;seikaku;accurate, punctual;Na-adjective (keiyodoshi), Noun
清潔;せいけつ;seiketsu;clean, sanitary;Na-adjective (keiyodoshi), Noun
世紀;せいき;seiki;century, era;Noun
成功;せいこう;seikou;success, hit;Noun, Suru verb, Intransitive verb
請求;せいきゅう;seikyuu;claim, demand, charge;Noun, Suru verb, Transitive verb
生命;せいめい;seimei;life, existence;Noun
青年;せいねん;seinen;youth, young man;Noun
整理;せいり;seiri;sorting, arrangement;Noun, Suru verb, Transitive verb
生産;せいさん;seisan;production, manufacture;Noun, Suru verb, Transitive verb
成績;せいせき;seiseki;results, grade;Noun
正式;せいしき;seishiki;official, formality;Na-adjective (keiyodoshi), Noun which may take the genitive case particle 'no', Noun
精神;せいしん;seishin;spirit, heart, mind;Noun
精々;せいぜい;seizei;at the most, at best;Adverb (fukushi)
製造;せいぞう;seizou;manufacture, production;Noun, Suru verb, Transitive verb, Noun which may take the genitive case particle 'no'
世間;せけん;seken;world, society;Noun
咳;せき;seki;cough;Noun
責任;せきにん;sekinin;duty, responsibility;Noun
石炭;せきたん;sekitan;coal;Noun
石油;せきゆ;sekiyu;oil, petroleum;Noun
設計;せっけい;sekkei;plan, design, layout;Noun, Suru verb, Transitive verb
積極的;せっきょくてき;sekkyokuteki;assertive, positive;Na-adjective (keiyodoshi)
責める;せめる;semeru;to blame, to condemn;Ichidan verb, Transitive verb
宣伝;せんでん;senden;publicity, advertisement;Noun, Suru verb, Transitive verb
先日;せんじつ;senjitsu;the other day;Noun, Adverb (fukushi)
専攻;せんこう;senkou;major subject;Noun, Suru verb, Transitive verb, Noun which may take the genitive case particle 'no'
専門;せんもん;senmon;specialty, area of expertise​;Noun
専門家;せんもんか;senmonka;specialist, expert;Noun
選手;せんしゅ;senshu;player, team member;Noun
選択;せんたく;sentaku;selection, choice;Noun, Suru verb, Transitive verb
説;せつ;setsu;theory;Noun, Noun, used as a suffix
設備;せつび;setsubi;equipment, device;Noun, Suru verb, Transitive verb
説明会;せつめいかい;setsumeikai;information session, briefing;Noun
節約;せつやく;setsuyaku;economizing, saving;Noun, Suru verb, Transitive verb
喋る;しゃべる;shaberu;to talk, to chat;Godan verb with 'ru' ending, Transitive verb, Intransitive verb
車道;しゃどう;shadou;roadway;Noun
社員;しゃいん;shain;company employee​;Noun
借金;しゃっきん;shakkin;debt, loan, liabilities;Noun, Suru verb, Transitive verb
詩;し;shi;poem;Noun
幸せ;しあわせ;shiawase;happiness, good fortune;Noun, Na-adjective (keiyodoshi)
芝居;しばい;shibai;play, drama;Noun
芝生;しばふ;shibafu;lawn;Noun
縛る;しばる;shibaru;to tie, to bind, to fasten​;Godan verb with 'ru' ending, Transitive verb
屡々;しばしば;shibashiba;often, again and again;Adverb (fukushi)
死亡;しぼう;shibou;death, mortality;Noun, Suru verb, Intransitive verb
次第に;しだいに;shidai ni;gradually, in sequence;Adverb (fukushi)
指導;しどう;shidou;leadership, guidance;Noun, Suru verb, Transitive verb
指導者;しどうしゃ;shidousha;leader, guide;Noun
刺激;しげき;shigeki;stimulus, impetus;Noun, Suru verb, Transitive verb
資源;しげん;shigen;resources;Noun
支配;しはい;shihai;domination, rule;Noun, Suru verb, Transitive verb
支払い;しはらい;shiharai;payment;Noun
支払う;しはらう;shiharau;to pay;Godan verb with 'u' ending, Transitive verb
始発;しはつ;shihatsu;first train, first bus;Noun
資本;しほん;shihon;funds, capital;Noun
詩人;しじん;shijin;poet;Noun
然も;しかも;shika mo;moreover, furthermore;Conjunction
式;しき;shiki;equation, ceremony, style;Noun, Noun, used as a suffix
頻りに;しきりに;shikiri ni;frequently, repeatedly;Adverb (fukushi)
湿気;しっけ;shikke;moisture, humidity, dampness​;Noun
支給;しきゅう;shikyuu;provision, supply;Noun, Suru verb, Transitive verb
姉妹;しまい;shimai;sisters;Noun
仕舞う;しまう;shimau;to finish, to stop;Godan verb with 'u' ending, Transitive verb
締め切り;しめきり;shimekiri;deadline, closing;Noun
占める;しめる;shimeru;to occupy, to hold;Ichidan verb, Transitive verb
締める;しめる;shimeru;to tie, to fasten, to tighten;Ichidan verb, Transitive verb
示す;しめす;shimesu;to show, to indicate;Godan verb with 'su' ending, Transitive verb
霜;しも;shimo;frost;Noun
品;ひん;shina;article, item, goods;Noun
身長;しんちょう;shinchou;height (of body), stature;Noun
慎重;しんちょう;shinchou;careful, cautious, prudent;Na-adjective (keiyodoshi), Noun
進学;しんがく;shingaku;entering a higher-level school;Noun, Suru verb, Intransitive verb
信号;しんごう;shingou;signal, traffic light;Noun, Suru verb, Intransitive verb
信じる;しんじる;shinjiru;to believe, to trust;Ichidan verb, Transitive verb
新幹線;しんかんせん;shinkansen;Shinkansen, bullet train​;Noun
神経;しんけい;shinkei;nerve, sensitivity;Noun
真剣;しんけん;shinken;seriousness, earnestness;Na-adjective (keiyodoshi)
深刻;しんこく;shinkoku;serious, severe;Na-adjective (keiyodoshi), Noun
信仰;しんこう;shinkou;faith, belief;Noun, Suru verb, Transitive verb
信念;しんねん;shinnen;belief, faith, conviction;Noun
新入生;しんにゅうせい;shinnyuusei;new student, freshman;Noun
審判;しんぱん;shinpan;refereeing, trial;Noun, Suru verb, Transitive verb
進歩;しんぽ;shinpo;progress, advance;Noun, Suru verb, Intransitive verb
信頼;しんらい;shinrai;reliance, trust;Noun, Suru verb, Transitive verb
心理;しんり;shinri;state of mind, mentality;Noun
森林;しんりん;shinrin;forest, woods​;Noun, Noun which may take the genitive case particle 'no'
診察;しんさつ;shinsatsu;medical examination;Noun, Suru verb, Transitive verb
親戚;しんせき;shinseki;relative, relation;Noun
新鮮;しんせん;shinsen;fresh;Na-adjective (keiyodoshi)
信用;しんよう;shin’you;confidence, credit;Noun, Suru verb, Transitive verb
親友;しんゆう;shin’yuu;close friend;Noun
心臓;しんぞう;shinzou;heart, guts, nerve;Noun
調べ物;しらべもの;shirabemono;matter to be checked or investigated​;Noun
知らせ;しらせ;shirase;news, notice;Noun
尻;しり;shiri;buttocks, bottom;Noun
知り合い;しりあい;shiriai;acquaintance;Noun
知り合う;しりあう;shiriau;to get to know (someone);Godan verb with 'u' ending, Intransitive verb
城;しろ;shiro;castle;Noun
印;しるし;shirushi;seal, stamp, mark;Noun
資料;しりょう;shiryou;materials, data, document​;Noun
姿勢;しせい;shisei;posture, attitude;Noun
試食;ししょく;shishoku;sampling food​;Noun, Suru verb, Transitive verb
支出;ししゅつ;shishutsu;expenditure;Noun, Suru verb, Transitive verb
思想;しそう;shisou;thought, idea;Noun
舌;した;shita;tongue;Noun
従う;したがう;shitagau;to abide (by the rules);Godan verb with 'u' ending, Intransitive verb
親しい;したしい;shitashii;intimate, close;I-adjective (keiyoushi)
指定;してい;shitei;assignment, appointment;Noun, Suru verb, Transitive verb
支店;してん;shiten;branch office;Noun
質;しつ;shitsu;quality, value;Noun, Noun, used as a suffix
失望;しつぼう;shitsubou;disappointment, despair;Noun, Suru verb, Intransitive verb
湿度;しつど;shitsudo;level of humidity​;Noun
失業;しつぎょう;shitsugyou;unemployment;Noun
室内;しつない;shitsunai;indoor, inside the room​;Noun, Noun which may take the genitive case particle 'no'
市役所;しやくしょ;shiyakusho;municipal office, city hall​;Noun
使用;しよう;shiyou;use, application;Noun, Suru verb, Transitive verb
自然;しぜん;shizen;nature, natural;Noun
沈む;しずむ;shizumu;to sink, to go under;Godan verb with 'mu' ending, Intransitive verb
食器;しょっき;shokki;tableware;Noun
職;しょく;shoku;job, work, employment;Noun, Noun, used as a suffix
職場;しょくば;shokuba;place of work, workplace;Noun
植物;しょくぶつ;shokubutsu;plant, vegetation;Noun
職業;しょくぎょう;shokugyou;occupation, business;Noun
食品;しょくひん;shokuhin;food, foodstuff;Noun
食物;しょくもつ;shokumotsu;food, foodstuff;Noun
食卓;しょくたく;shokutaku;dining table;Noun, Noun which may take the genitive case particle 'no'
食欲;しょくよく;shokuyoku;appetite (for food);Noun
食料;しょくりょう;shokuryou;food;Noun
食糧;しょくりょう;shokuryou;provisions, food supply;Noun
署名;しょめい;shomei;signature;Noun, Suru verb, Intransitive verb
書物;しょもつ;shomotsu;books;Noun
処理;しょり;shori;processing, dealing with;Noun, Suru verb, Transitive verb
書類;しょるい;shorui;documents, official papers;Noun
書斎;しょさい;shosai;study, library;Noun
章;しょう;shou;chapter, section;Noun
賞;しょう;shou;prize, award;Noun, Noun, used as a suffix
商売;しょうばい;shoubai;trade, business;Noun, Suru verb, Intransitive verb
消防;しょうぼう;shoubou;fire fighting;Noun
承知;しょうち;shouchi;knowledge, awareness;Noun, Suru verb, Transitive verb
障害;しょうがい;shougai;obstacle, impediment;Noun, Suru verb, Transitive verb
奨学金;しょうがくきん;shougakukin;scholarship;Noun
小学生;しょうがくせい;shougakusei;primary school student;Noun
正午;しょうご;shougo;noon, midday;Noun, Adverb (fukushi)
消費;しょうひ;shouhi;consumption, expenditure;Noun, Suru verb, Transitive verb
商品;しょうひん;shouhin;commodity, goods;Noun
正直;しょうじき;shoujiki;honesty, integrity;Na-adjective (keiyodoshi), Noun
生じる;しょうじる;shoujiru;to produce, to yield;Ichidan verb, Transitive verb
少女;しょうじょ;shoujo;little girl, young lady;Noun
症状;しょうじょう;shoujou;symptoms, condition;Noun
証明;しょうめい;shoumei;proof, verification;Noun, Suru verb, Transitive verb
少年;しょうねん;shounen;boy, juvenile;Noun
商人;しょうにん;shounin;trader, merchant;Noun
承認;しょうにん;shounin;recognition, acknowledgement;Noun, Suru verb, Transitive verb
小説家;しょうせつか;shousetsuka;novelist, fiction writer​;Noun
少々;しょうしょう;shoushou;just a minute;Adverb (fukushi), Noun
衝突;しょうとつ;shoutotsu;collision, crash;Noun, Suru verb, Intransitive verb
出張;しゅっちょう;shucchou;official tour, business trip;Noun, Suru verb, Intransitive verb
主張;しゅちょう;shuchou;claim, insistence;Noun, Suru verb, Transitive verb
手段;しゅだん;shudan;means, way, measure;Noun
主婦;しゅふ;shufu;housewife, mistress;Noun
主義;しゅぎ;shugi;principle, rule, doctrine;Noun
手術;しゅじゅつ;shujutsu;surgical operation;Noun, Suru verb, Transitive verb
瞬間;しゅんかん;shunkan;moment, instant, second;Noun
出勤;しゅっきん;shukkin;going to work, leaving for work;Noun, Suru verb, Intransitive verb
縮小;しゅくしょう;shukushou;reduction, curtailment​;Noun, Suru verb, Transitive verb, Intransitive verb
種類;しゅるい;shurui;variety, kind, type;Noun
首相;しゅしょう;shushou;Prime Minister;Noun
首都;しゅと;shuto;capital city;Noun
宿泊;しゅくはく;shukuhaku;lodging;Noun, Suru verb, Intransitive verb
出版;しゅっぱん;shuppan;publication;Noun, Suru verb, Transitive verb
主要;しゅよう;shuyou;chief, main, principle;Na-adjective (keiyodoshi), Noun
出身;しゅっしん;shusshin;person’s origin;Noun
集中;しゅうちゅう;shuuchuu;concentration;Noun, Suru verb, Transitive verb, Intransitive verb
集団;しゅうだん;shuudan;group, mass;Noun
集合;しゅうごう;shuugou;gathering, assembly, meeting​;Noun, Suru verb
周囲;しゅうい;shuui;surroundings, environs;Noun, Noun which may take the genitive case particle 'no'
収穫;しゅうかく;shuukaku;harvest, crop;Noun, Suru verb, Transitive verb
週間;しゅうかん;shuukan;week;Noun
週刊;しゅうかん;shuukan;weekly publication​;Noun, Noun which may take the genitive case particle 'no'
宗教;しゅうきょう;shuukyou;religion;Noun
週末;しゅうまつ;shuumatsu;weekend;Adverb (fukushi), Noun
収入;しゅうにゅう;shuunyuu;income, revenue;Noun
修理;しゅうり;shuuri;repairing, mending;Noun, Suru verb, Transitive verb
終了;しゅうりょう;shuuryou;end, close, termination​;Noun, Suru verb, Transitive verb, Intransitive verb
修正;しゅうせい;shuusei;amendment, correction;Noun, Suru verb, Transitive verb
就職;しゅうしょく;shuushoku;finding employment;Noun, Suru verb, Intransitive verb
終点;しゅうてん;shuuten;terminus, last stop (e.g. train)​;Noun
育つ;そだつ;sodatsu;to be raised;Godan verb with 'tsu' ending, Intransitive verb
袖;そで;sode;sleeve;Noun
祖父母;そふぼ;sofubo;grandparents;Noun
底;そこ;soko;bottom, sole;Noun
速度;そくど;sokudo;speed, velocity;Noun
粗末;そまつ;somatsu;rude, rough, plain;Na-adjective (keiyodoshi), Noun
損;そん;son;loss, disadvantage;Noun, Na-adjective (keiyodoshi), Suru verb, Intransitive verb
備える;そなえる;sonaeru;to furnish, to provide for;Ichidan verb, Transitive verb
尊重;そんちょう;sonchou;respect, esteem;Noun, Suru verb, Transitive verb
損害;そんがい;songai;damage, injury, loss;Noun, Suru verb
尊敬;そんけい;sonkei;respect, esteem;Noun, Suru verb, Transitive verb
存在;そんざい;sonzai;existence, being;Noun, Suru verb, Intransitive verb
夫々;それぞれ;sorezore;each, respectively​;Adverb (fukushi), Noun, Noun which may take the genitive case particle 'no'
注ぐ;そそぐ;sosogu;to pour into, to fill;Godan verb with 'gu' ending, Transitive verb
組織;そしき;soshiki;organization;Noun, Suru verb
装置;そうち;souchi;equipment, installation;Noun, Suru verb, Transitive verb
早朝;そうちょう;souchou;early morning;Noun, Adverb (fukushi)
掃除機;そうじき;soujiki;vacuum cleaner​;Noun
騒音;そうおん;souon;noise;Noun
操作;そうさ;sousa;operation, management;Noun, Suru verb, Transitive verb
早退;そうたい;soutai;leaving early​;Noun, Suru verb, Intransitive verb
相当;そうとう;soutou;considerable, suitable;Noun, Suru verb, Intransitive verb, Noun which may take the genitive case particle 'no'
相続;そうぞく;souzoku;succession, inheritance;Noun, Suru verb, Transitive verb
想像;そうぞう;souzou;imagination, guess;Noun, Suru verb, Transitive verb
巣;す;su;nest, hive;Noun
全て;すべて;subete;everything, all;Noun, Noun which may take the genitive case particle 'no'
末;すえ;sue;tip, top, end, close;Noun
姿;すがた;sugata;figure, form, shape;Noun
筋;すじ;suji;muscle;Noun
過ごす;すごす;sugosu;to pass (time);Godan verb with 'su' ending, Transitive verb
優れる;すぐれる;sugureru;to surpass, to excel;Ichidan verb, Intransitive verb
水準;すいじゅん;suijun;level, standard;Noun
睡眠;すいみん;suimin;sleep;Noun, Noun which may take the genitive case particle 'no'
推薦;すいせん;suisen;recommendation, referral;Noun, Suru verb, Transitive verb, Noun which may take the genitive case particle 'no'
救う;すくう;sukuu;to rescue from;Godan verb with 'u' ending, Transitive verb
済ませる;すませる;sumaseru;to finish;Ichidan verb, Transitive verb
鋭い;するどい;surudoi;sharp, pointed;I-adjective (keiyoushi)
進める;すすめる;susumeru;to advance, to promote;Ichidan verb, Transitive verb
勧める;すすめる;susumeru;to recommend;Ichidan verb, Transitive verb
素敵;すてき;suteki;lovely, beautiful;Na-adjective (keiyodoshi)
数字;すうじ;suuji;numeral, figure, digit;Noun
束;たば;taba;bundle, bunch;Noun, Noun, used as a suffix, Counter
旅;たび;tabi;travel, trip, journey;Noun
度々;たびたび;tabitabi;often, again and again;Adverb (fukushi)
多分;たぶん;tabun;perhaps, probably;Adverb (fukushi)
立場;たちば;tachiba;standpoint, position;Noun
立上る;たちのぼる;tachiagaru;to stand up;Godan verb with 'ru' ending, Intransitive verb
唯;ただ;tada;ordinary, free of charge;Noun which may take the genitive case particle 'no', Noun
直ちに;ただちに;tadachi ni;at once, immediately;Adverb (fukushi)
互い;たがい;tagai;mutual, reciprocal;Noun, Noun which may take the genitive case particle 'no'
態度;たいど;taido;attitude, manner;Noun
大半;たいはん;taihan;majority, more than half;Noun, Noun which may take the genitive case particle 'no'
逮捕;たいほ;taiho;arrest, apprehension;Noun, Suru verb, Transitive verb
体育;たいいく;taiiku;physical education;Noun
体育館;たいいくかん;taiikukan;gymnasium;Noun
体重;たいじゅう;taijuu;(body) weight​;Noun
大会;たいかい;taikai;convention, tournament;Noun
大気;たいき;taiki;atmosphere;Noun
退屈;たいくつ;taikutsu;tedium, boredom;Na-adjective (keiyodoshi), Noun
体温;たいおん;taion;body temperature;Noun
平ら;たいら;taira;flatness, level;Na-adjective (keiyodoshi)
大陸;たいりく;tairiku;continent;Noun, Noun which may take the genitive case particle 'no'
体力;たいりょく;tairyoku;physical strength, stamina;Noun
大量;たいりょう;tairyou;large quantity, mass;Na-adjective (keiyodoshi), Noun which may take the genitive case particle 'no', Noun
大戦;たいせん;taisen;great war, great battle;Noun
大使;たいし;taishi;ambassador;Noun, Noun which may take the genitive case particle 'no'
大した;たいした;taishita;considerable, great;Pre-noun adjectival (rentaishi)
対象;たいしょう;taishou;target, object;Noun, Noun which may take the genitive case particle 'no'
体操;たいそう;taisou;gymnastics, physical exercises;Noun, Suru verb, Intransitive verb
対する;たいする;tai suru;to face (each other);Suru verb - special class
大抵;たいてい;taitei;mostly, usually;Na-adjective (keiyodoshi), Adverb (fukushi), Noun
太陽;たいよう;taiyou;sun, solar;Noun
滞在;たいざい;taizai;staying, sojourn;Noun, Suru verb, Intransitive verb
宝;たから;takara;treasure;Noun
弾;たま;tama;ball, sphere, globe, bullet;Noun
貯まる;たまる;tamaru;to be saved up (of money)​;Godan verb with 'ru' ending, Intransitive verb
偶々;たまたま;tamatama;casually, unexpectedly;Adverb (fukushi)
貯める;ためる;tameru;to save up (money);Ichidan verb, Transitive verb
試し;ためし;tameshi;trial, test;Noun
試す;ためす;tamesu;to try out, to test;Godan verb with 'su' ending, Transitive verb
種;たね;tane;seed, kind, variety;Noun
単語;たんご;tango;word, vocabulary;Noun
谷;たに;tani;valley;Noun
単位;たんい;tan’i;unit, denomination;Noun
短気;たんき;tanki;quick temper, short temper​;Noun, Na-adjective (keiyodoshi)
他人;たにん;ta’nin;another person, others;Noun
単なる;たんなる;tannaru;mere, simple, sheer;Pre-noun adjectival (rentaishi)
単に;たんに;tan ni;simply, merely;Adverb (fukushi)
誕生;たんじょう;tanjou;birth, creation;Noun, Suru verb
単純;たんじゅん;tanjun;simplicity, simple;Na-adjective (keiyodoshi), Noun
楽しむ;たのしむ;tanoshimu;to enjoy (oneself)​;Godan verb with 'mu' ending, Transitive verb
担当;たんとう;tantou;being in charge;Noun, Suru verb, Transitive verb
倒す;たおす;taosu;to bring down;Godan verb with 'su' ending, Transitive verb
確かめる;たしかめる;tashikameru;to ascertain, to check;Ichidan verb, Transitive verb
多少;たしょう;tashou;more or less, somewhat;Adverb (fukushi), Noun which may take the genitive case particle 'no'
達する;たっする;tassuru;to reach, to get to;Suru verb - special class
助ける;たすける;tasukeru;to save, to rescue;Ichidan verb, Transitive verb
戦い;たたかい;tatakai;battle, fight;Noun
戦う;たたかう;tatakau;to fight, to struggle;Godan verb with 'u' ending, Intransitive verb
叩く;たたく;tataku;to strike, to beat;Godan verb with 'ku' ending, Transitive verb
縦;たて;tate;the vertical, height;Noun
立て直す;たてなおす;tatenaosu;to restore, to revive;Godan verb with 'su' ending, Transitive verb
経つ;たつ;tatsu;to pass, to lapse;Godan verb with 'tsu' ending, Intransitive verb
便り;たより;tayori;news, tidings;Noun, Noun, used as a suffix, Suru verb
頼る;たよる;tayoru;to rely on;Godan verb with 'ru' ending, Intransitive verb, Transitive verb
提案;ていあん;teian;proposal, suggestion;Noun, Suru verb, Transitive verb
停電;ていでん;teiden;power outage, blackout;Noun, Suru verb, Intransitive verb
程度;ていど;teido;degree, amount;Noun, Adverb (fukushi), Noun, used as a suffix
定期;ていき;teiki;fixed period, fixed term;Noun
抵抗;ていこう;teikou;resistance, opposition;Noun, Suru verb, Intransitive verb
停留所;ていりゅうじょ;teiryuujou;bus stop, tram stop;Noun
停車;ていしゃ;teisha;stopping (of a train, car, etc.);Noun, Suru verb, Intransitive verb
定食;ていしょく;teishoku;set meal;Noun
提出;ていしゅつ;teishutsu;to present, to submit;Noun, Suru verb, Transitive verb
手品;てじな;tejina;sleight of hand, magic;Noun
敵;てき;teki;opponent, rival;Noun
適する;てきする;teki suru;to fit, to suit;Suru verb - special class, Intransitive verb
適度;てきど;tekido;moderate;Na-adjective (keiyodoshi), Noun which may take the genitive case particle 'no', Noun
適切;てきせつ;tekisetsu;adequate, appropriate;Na-adjective (keiyodoshi), Noun
適用;てきよう;tekiyou;applying, adoption;Noun, Suru verb, Transitive verb
手間;てま;tema;time, labor;Noun
典型;てんけい;tenkei;pattern, model;Noun
天候;てんこう;tenkou;weather;Noun
店内;てんない;tennai;store interior​;Noun, Noun which may take the genitive case particle 'no'
天然;てんねん;tennen;nature, spontaneity;Noun, Noun which may take the genitive case particle 'no'
徹底;てってい;tettei;thoroughness, completeness;Noun, Suru verb, Transitive verb, Intransitive verb
鉄;てつ;tetsu;iron;Noun
手伝い;てつだい;tetsudai;assistant, help;Noun
鉄道;てつどう;tetsudou;railroad, railway;Noun
哲学;てつがく;tetsugaku;philosophy;Noun
徹夜;てつや;tetsuya;all night;Noun, Suru verb, Intransitive verb, Noun which may take the genitive case particle 'no'
飛ばす;とばす;tobasu;to fly, to skip over;Godan verb with 'su' ending, Transitive verb
土地;とち;tochi;plot of land, soil;Noun
届く;とどく;todoku;to reach, to be delivered;Godan verb with 'ku' ending, Intransitive verb
徒歩;とほ;toho;walking, going on foot​;Noun, Noun which may take the genitive case particle 'no'
問い;とい;toi;question, query;Noun
閉じる;とじる;tojiru;to close (book, eyes);Ichidan verb, Transitive verb, Intransitive verb
都会;とかい;tokai;city;Noun, Noun which may take the genitive case particle 'no'
解ける;とける;tokeru;to be solved, to loosen;Ichidan verb, Intransitive verb
時;とき;toki;time, hour, moment, occasion;Noun
解く;とく;toku;to untie, to solve;Godan verb with 'ku' ending, Transitive verb
特徴;とくちょう;tokuchou;feature, trait;Noun
得意;とくい;tokui;one’s strong point, frequent customer;Noun, Na-adjective (keiyodoshi), Noun which may take the genitive case particle 'no'
留める;とめる;tomaru;to stop, to turn off;Ichidan verb, Transitive verb
友;とも;tomo;friend, companion;Noun
兎に角;とにかく;tonikaku;anyhow, at any rate;Adverb (fukushi)
通り;とおり;toori;avenue, street;Noun
通り過ぎる;とおりすぎる;toorisugiru;to pass through;Ichidan verb, Intransitive verb
通す;とおす;toosu;to force through, to let pass;Godan verb with 'su' ending, Transitive verb
虎;とら;tora;tiger;Noun
取れる;とれる;toreru;to come off, to be removed;Ichidan verb, Intransitive verb
取上げる;とりあげる;toriageru;to take up, to pick up;Ichidan verb, Transitive verb
都市;とし;toshi;town, city;Noun, Noun which may take the genitive case particle 'no'
年月;としつき;toshitsuki;months and years;Noun
年寄;としより;toshiyori;old people, the aged;Noun, Noun which may take the genitive case particle 'no'
図書;としょ;tosho;books;Noun
突然;とつぜん;totsuzen;abrupt, sudden;Noun which may take the genitive case particle 'no', Na-adjective (keiyodoshi), Adverb (fukushi)
党;とう;tou;party (political);Noun, Noun, used as a suffix
塔;とう;tou;tower, pagoda;Noun, Noun, used as a suffix
答案;とうあん;touan;examination paper;Noun
到着;とうちゃく;touchaku;arrival;Noun, Suru verb, Intransitive verb
投票;とうひょう;touhyou;voting, poll;Noun, Suru verb, Intransitive verb
当日;とうじつ;toujitsu;appointed day, very day​;Noun, Adverb (fukushi)
当然;とうぜん;touzen;natural;Noun which may take the genitive case particle 'no', Na-adjective (keiyodoshi)
登山;とざん;tozan;mountain climbing;Noun, Suru verb, Intransitive verb
翼;つばさ;tsubasa;wing;Noun
土;つち;tsuchi;earth, soil, dirt;Noun
次々;つぎつぎ;tsugitsugi;in succession, one by one;Adverb (fukushi), Adverb taking the 'to' particle, Noun
遂に;ついに;tsui ni;finally, at last;Adverb (fukushi)
捕まる;つかまる;tsukamaru;to be caught;Godan verb with 'ru' ending, Intransitive verb
掴む;つかむ;tsukamu;to seize, to catch;Godan verb with 'mu' ending, Transitive verb
疲れ;つかれ;tsukare;tiredness, fatigue;Noun
付合い;つきあい;tsukiai;association, socializing;Noun
付き合う;つきあう;tsukiau;to associate with, to go out with;Godan verb with 'u' ending, Intransitive verb
就く;つく;tsuku;to take (seat, position);Godan verb with 'ku' ending, Intransitive verb
詰める;つめる;tsumeru;to stuff into, to jam;Ichidan verb, Transitive verb
罪;つみ;tsumi;crime, sin, wrongdoing;Noun, Na-adjective (keiyodoshi), Noun which may take the genitive case particle 'no'
積もる;つもる;tsumoru;to pile up, to accumulate;Godan verb with 'ru' ending, Intransitive verb
繋ぐ;つなぐ;tsunagu;to connect, to link together;Godan verb with 'gu' ending, Transitive verb
常に;つねに;tsune ni;always, constantly;Adverb (fukushi)
角;つの;tsuno;horn;Noun, Noun, used as a suffix
辛い;からい;tsurai;painful, bitter;I-adjective (keiyoushi)
連れ;つれ;tsure;companion, company;Noun
釣;つり;tsuri;fishing, angling;Noun
伝わる;つたわる;tsutawaru;to be transmitted;Godan verb with 'ru' ending, Intransitive verb
勤め;つとめ;tsutome;service, duty, business;Noun
包み;つつみ;tsutsumi;bundle, package, parcel;Noun
通知;つうち;tsuuchi;notice, notification;Noun, Suru verb, Transitive verb
通学;つうがく;tsuugaku;commuting to school;Noun, Suru verb, Intransitive verb
通じる;つうじる;tsuujiru;to lead to, to be understood;Ichidan verb, Intransitive verb
通過;つうか;tsuuka;passage through;Noun, Suru verb, Intransitive verb
通勤;つうきん;tsuukin;commuting to work​;Noun, Suru verb, Intransitive verb
通行;つうこう;tsuukou;passage, passing;Noun, Suru verb, Intransitive verb
通信;つうしん;tsuushin;correspondence, communication;Noun, Suru verb, Transitive verb, Intransitive verb
通訳;つうやく;tsuuyaku;interpretation;Noun, Suru verb, Transitive verb;перевод, переводчик, ~suru переводить
梅雨;つゆ;tsuyu;rainy season;Noun
続き;つづき;tsuzuki;sequel, continuation;Noun
奪う;うばう;ubau;to snatch away;Godan verb with 'u' ending, Transitive verb
宇宙;うちゅう;uchuu;universe, cosmos;Noun
動かす;うごかす;ugokasu;to move, to shift;Godan verb with 'su' ending, Transitive verb
伺う;うかがう;ukagau;to ask, to inquire;Godan verb with 'u' ending, Transitive verb
受け取る;うけとる;uketoru;to receive, to get;Godan verb with 'ru' ending, Transitive verb
浮く;うく;uku;to float​;Godan verb with 'ku' ending, Intransitive verb
馬;うま;uma;horse;Noun
生まれ;うまれ;umare;birth, birthplace;Noun
梅;うめ;ume;plum, plum tree;Noun
埋める;うめる;umeru;to bury, to fill up;Ichidan verb, Transitive verb
運;うん;un;fortune, luck;Noun
唸る;うなる;unaru;to groan, to moan;Godan verb with 'ru' ending, Intransitive verb
運動会;うんどうかい;undoukai;athletic meet, sports day​;Noun
裏側;うらがわ;uragawa;the reverse, other side;Noun
羨ましい;うらやましい;urayamashii;envious, jealous;I-adjective (keiyoushi)
裏切る;うらぎる;uragiru;to betray;Godan verb with 'ru' ending, Transitive verb
売れる;うれる;ureru;to sell well;Ichidan verb, Intransitive verb
売り切れる;うりきれる;urikireru;to be sold out​;Ichidan verb, Intransitive verb
兎;うさぎ;usagi;rabbit, hare;Noun
牛;うし;ushi;cattle, cow;Noun
失う;うしなう;ushinau;to lose;Godan verb with 'u' ending, Transitive verb
疑う;うたがう;utagau;to doubt, to distrust;Godan verb with 'u' ending, Transitive verb
撃つ;うつ;utsu;to shoot, to attack;Godan verb with 'tsu' ending, Transitive verb
移す;うつす;utsusu;to transfer, to move;Godan verb with 'su' ending, Transitive verb
訴える;うったえる;uttaeru;to appeal, to sue;Ichidan verb, Transitive verb
噂;うわさ;uwasa;rumor, gossip;Noun, Suru verb, Noun which may take the genitive case particle 'no'
輪;わ;wa;ring, circle, loop;Noun
話題;わだい;wadai;topic, subject;Noun
我が家;わがや;wagaya;one’s house, one’s home;Expressions (phrases, clauses, etc.), Noun
若者;わかもの;wakamono;young people;Noun
別れ;わかれ;wakare;parting, separation;Noun
訳;やく;wake;reason, cause, meaning;Noun
分ける;わける;wakeru;to divide;Ichidan verb, Transitive verb
脇;わき;waki;beside, close to, nearby;Noun
湾;わん;wan;bay, gulf;Noun, Noun, used as a suffix
笑い;わらい;warai;laugh, laughter;Noun
我々;われわれ;wareware;we;Pronoun
割;わり;wari;rate, ratio, proportion;Noun, Noun, used as a suffix
割引;わりびき;waribiki;discount, reduction;Noun
割る;わる;waru;to divide, to cut;Godan verb with 'ru' ending, Transitive verb
悪口;あっこう;warukuchi;bad mouth, insult;Noun
僅か;わずか;wazuka;only, merely;Na-adjective (keiyodoshi), Noun which may take the genitive case particle 'no'
破る;やぶる;yaburu;to tear, to break;Godan verb with 'ru' ending, Transitive verb
家賃;やちん;yachin;rent;Noun
宿;やど;yado;inn, lodging;Noun
矢張り;やはり;yahari;as expected;Adverb (fukushi)
夜間;やかん;yakan;night, nighttime​;Noun, Adverb (fukushi)
厄介;やっかい;yakkai;trouble, nuisance;Na-adjective (keiyodoshi), Noun
役;やく;yaku;use, service, role;Noun
約;やく;yaku;approximately, about;Adverb (fukushi)
役立つ;やくだつ;yakudatsu;to be useful, to be helpful;Godan verb with 'tsu' ending, Intransitive verb
役割;やくわり;yakuwari;part, role, duties;Noun
野球;やきゅう;yakyuu;baseball;Noun
山登り;やまのぼり;yamanobori;mountain climbing;Noun
辞める;やめる;yameru;to retire, to resign;Ichidan verb, Transitive verb
屋根;やね;yane;roof;Noun
雇う;やとう;yatou;to employ, to hire;Godan verb with 'u' ending, Transitive verb
夜明け;よあけ;yoake;dawn, daybreak;Noun
予防;よぼう;yobou;prevention, precaution;Noun, Suru verb, Transitive verb
余分;よぶん;yobun;extra, excess;Na-adjective (keiyodoshi), Noun
汚れ;よごれ;yogore;dirt, filth, stain;Noun
予報;よほう;yohou;forecast, prediction;Noun, Suru verb, Transitive verb
予期;よき;yoki;expectation, forecast;Noun, Suru verb, Transitive verb
横切る;よこぎる;yokogiru;to cross, to traverse;Godan verb with 'ru' ending, Transitive verb
横;よこ;yoko;horizontal, beside;Noun
翌朝;よくあさ;yokuasa;next morning​;Noun, Adverb (fukushi)
翌年;よくねん;yokutoshi;following year​;Noun, Adverb (fukushi)
嫁;よめ;yome;wife, bride;Noun
読み;よみ;yomi;reading;Noun
夜中;よなか;yonaka;midnight, dead of night;Noun, Adverb (fukushi)
世の中;よのなか;yo no naka;world, society;Expressions (phrases, clauses, etc.), Noun
喜び;よろこび;yorokobi;joy, delight;Noun
予算;よさん;yosan;estimate, budget;Noun, Suru verb
予測;よそく;yosoku;prediction, estimation;Noun, Suru verb, Transitive verb
予想;よそう;yosou;expectation, prediction;Noun, Suru verb, Transitive verb, Noun which may take the genitive case particle 'no'
予想外;よそうがい;yosougai;unexpected, unforeseen;Noun which may take the genitive case particle 'no', Na-adjective (keiyodoshi), Noun
止す;よす;yosu;to cease, to desist;Godan verb with 'su' ending, Transitive verb
酔う;よう;you;to get drunk;Godan verb with 'u' ending, Intransitive verb
容易;ようい;youi;easy, simple, plain;Na-adjective (keiyodoshi), Noun
容器;ようき;youki;container, vessel;Noun
用心;ようじん;youjin;care, precaution;Noun, Suru verb, Transitive verb, Intransitive verb
陽気;ようき;youki;weather, cheerful;Na-adjective (keiyodoshi), Noun
要求;ようきゅう;youkyuu;demand, firm request;Noun, Suru verb, Transitive verb
用紙;ようし;youshi;blank form​;Noun
要素;ようそ;youso;element, factor, component;Noun
様子;ようす;yousu;state, appearance;Noun
要点;ようてん;youten;gist, main point;Noun
余裕;よゆう;yoyuu;surplus, margin;Noun
唯一;ゆいいつ;yuiitsu;only, sole, unique;Noun which may take the genitive case particle 'no', Noun, Adverb (fukushi)
床;ゆか;yuka;floor;Noun
愉快;ゆかい;yukai;pleasant, happy;Na-adjective (keiyodoshi), Noun
行き;ゆき;yuki;bound for, going to;Noun
行き先;いきさき;yukisaki;destination, whereabouts;Noun
許す;ゆるす;yurusu;to permit, to allow;Godan verb with 'su' ending, Transitive verb
豊か;ゆたか;yutaka;abundant, wealthy;Na-adjective (keiyodoshi), Suffix
郵便;ゆうびん;yuubin;mail service;Noun
遊園地;ゆうえんち;yuuenchi;amusement park;Noun
夕方;ゆうがた;yuugata;evening, dusk​;Noun, Adverb (fukushi)
友人;ゆうじん;yuujin;friend;Noun
友情;ゆうじょう;yuujou;friendship, fellowship;Noun
勇気;ゆうき;yuuki;courage, bravery;Noun
有効;ゆうこう;yuukou;validity, effectiveness;Na-adjective (keiyodoshi), Noun
友好;ゆうこう;yuukou;friendship;Noun
有能;ゆうのう;yuunou;capable, efficient;Na-adjective (keiyodoshi), Noun
有利;ゆうり;yuuri;advantageous, profitable;Na-adjective (keiyodoshi), Noun
有料;ゆうりょう;yuuryou;fee-charging, paid;Noun which may take the genitive case particle 'no', Noun
優勝;ゆうしょう;yuushou;championship, overall victory;Noun, Suru verb, Intransitive verb
優秀;ゆうしゅう;yuushuu;superiority, excellence;Na-adjective (keiyodoshi), Noun
郵送;ゆうそう;yuusou;mailing, posting​;Noun, Suru verb, Transitive verb
譲る;ゆずる;yuzuru;to hand over, to surrender;Godan verb with 'ru' ending, Transitive verb
稍;やや;yaya;a little, partially;Adverb (fukushi), Noun or verb acting prenominally
材料;ざいりょう;zairyou;ingredients, material;Noun
財産;ざいさん;zaisan;property, fortune, assets;Noun
残業;ざんぎょう;zangyou;overtime (work)​;Noun, Suru verb, Intransitive verb
座席;ざせき;zaseki;seat;Noun
是非;ぜひ;zehi;certainly, without fail;Adverb (fukushi)
税金;ぜいきん;zeikin;tax, duty;Noun
贅沢;ぜいたく;zeitaku;luxury, extravagance;Noun, Na-adjective (keiyodoshi)
善;ぜん;zen;good, goodness, virtue;Noun
前後;ぜんご;zengo;before and after​, front and rear;Noun
全員;ぜんいん;zen’in;all members, everyone;Noun, Adverb (fukushi)
前日;ぜんじつ;zenjitsu;previous day, day before;Noun, Adverb (fukushi)
全国;ぜんこく;zenkoku;countrywide, nationwide;Noun
前者;ぜんしゃ;zensha;the former;Noun
前進;ぜんしん;zenshin;advance, drive, progress;Noun, Suru verb, Intransitive verb
全身;ぜんしん;zenshin;whole (body), full-length;Noun, Noun which may take the genitive case particle 'no'
全体;ぜんたい;zentai;whole, entirety;Noun, Noun which may take the genitive case particle 'no', Adverb (fukushi)
絶対;ぜったい;zettai;absolutely;Adverb (fukushi)
絶滅;ぜつめつ;zetsumetsu;destruction, exinction;Noun, Suru verb
象;ぞう;zou;elephant;Noun
増加;ぞうか;zouka;increase;Noun, Suru verb, Transitive verb, Intransitive verb
図;ず;zu;drawing, picture, diagram;Noun, Noun, used as a suffix
随分;ずいぶん;zuibun;very, extremely;Adverb (fukushi), Adverb taking the 'to' particle
頭痛;ずつう;zutsuu;headache;Noun
