Kanji;Kana;Romaji;Translation
油;あぶら;abura;oil
愛;あい;ai;love, affection, care
愛情;あいじょう;aijou;love, affection
相変わらず;;aikawarazu;as ever, as usual, the same
生憎;;ainiku;unfortunately\; sorry, but…
愛する;あいする;aisuru;to love
相手;あいて;aite;companion, partner
合図;あいず;aizu;sign, signal
明かり;あかり;akari;light, illumination, glow
明ける;;akeru;to dawn, to end (of a period, season)
空き;あき;aki;space, room, emptiness
空き家;;akiya;vacant house, unoccupied house​
明らか;あきらか;akiraka;obvious, evident, clear
諦める;あきらめる;akirameru;to give up, to abandon
飽きる;あきる;akiru;to get tired of
悪魔;あくま;akuma;demon, evil
握手;あくしゅ;akushu;handshake
余る;;amaru;to remain, to be left over
編む;;amu;to knit, to braid​
案;あん;an;idea, plan, thought
汗;あせ;ase;sweat, perspiration
穴;あな;ana;hole, deficit, vacancy
暗記;あんき;anki;memorization
安定;あんてい;antei;stability, equilibrium
粗い;あらい;arai;coarse, rough​
嵐;あらし;arashi;storm, tempest
新た;あらた;arata;new, fresh, novel
現れる;あらわれる;arawareru;to appear, to come in sight
表す;あらわす;arawasu;to represent, to show, to display
有らゆる;;arayuru;all, every
足元;;ashimoto;at one’s feet, under foot
与える;あたえる;ataeru;to give, to bestow
値;ね;atai;price, cost
辺り;;atari;neighborhood, nearby
当たる;あたる;ataru;to be hit, to strike
温める;;atatameru;to warm, to heat​
跡;あと;ato;trace, tracks, mark
扱う;あつかう;atsukau;to deal with, to treat
集まり;あつまり;atsumari;gathering, meeting
慌てる;;awateru;to panic​, to rush
誤り;あやまり;ayamari;error, mistake, slip
泡;あわ;awa;bubble, foam
哀れ;あわれ;aware;pity, sorrow, grief
合わせる;あわせる;awaseru;to match, to join together
預ける;あずける;azukeru;to give into custody
場;ば;ba;place, spot, scene
馬鹿;;baka;fool, idiot
莫大;ばくだい;bakudai;enormous, vast
爆発;ばくはつ;bakuhatsu;explosion, detonation
場面;ばめん;bamen;scene, setting
罰する;ばっする;bassuru;to punish, to penalize
弁護士;;bengoshi;lawyer, attorney​
別々;;betsubetsu;separately, individually​
美人;びじん;bijin;beautiful woman
微妙;びみょう;bimyou;delicate, subtle
瓶;びん;bin;bottle, jar
便;びん;bin;mail, post, flight
募集;;boshuu;recruitment, taking applications​, raising (funds)
棒;ぼう;bou;pole, rod, stick
冒険;ぼうけん;bouken;adventure, risk
部分;ぶぶん;bubun;portion, section, part
部品;;buhin;parts, components​
無事;ぶじ;buji;safety, peace
武器;ぶき;buki;weapon, arms
物価;ぶっか;bukka;prices of commodities
文;ぶん;bun;sentence
分;ぶ;bun;part, segment, share
文明;ぶんめい;bunmei;civilization
分類;;bunrui;categorization, sorting​
分析;ぶんせき;bunseki;analysis
文章;;bunshou;essay, article, composition
分野;ぶんや;bun’ya;field, sphere
無沙汰;;busata;not writing or contacting for a while
物質;ぶっしつ;busshitsu;material, substance
舞台;ぶたい;butai;stage
打つかる;;butsukaru;to strike against, to collide with
物理;ぶつり;butsuri;physics
秒;びょう;byou;second
平等;びょうどう;byoudou;equality, evenness
父親;ちちおや;chichioya;father
知恵;ちえ;chie;wisdom, wit
違い;ちがい;chigai;difference, discrepancy
地平線;ちへいせん;chiheisen;horizon
地方;ちほう;chihou;district, region, area
地位;ちい;chii;social position, status
地域;ちいき;chiiki;area, region
知事;ちじ;chiji;prefectural governor
地下;ちか;chika;basement, cellar
近頃;ちかごろ;chikagoro;lately, recently
近道;;chikamichi;short way, shortcut​
力強い;;chikarazuyoi;powerful, strong
遅刻;ちこく;chikoku;lateness, late coming
地区;ちく;chiku;district, section, sector
地球;ちきゅう;chikyuu;the earth, the globe
知能;ちのう;chinou;intelligence, brain
知識;ちしき;chishiki;knowledge, information
貯金;ちょきん;chokin;savings
直接;ちょくせつ;chokusetsu;direct, immediate
著者;ちょしゃ;chosha;author, writer
頂上;ちょうじょう;choujou;top, summit, peak
長期;ちょうき;chouki;long-term
調査;ちょうさ;chousa;investigation, examination
調子;ちょうし;choushi;tone, condition, health
長所;;chousho;strong point, merit, virtue
朝食;;choushoku;breakfast
中学;ちゅうがく;chuugaku;middle school
中間;;chuukan;middle, midway, center
中古;ちゅうこ;chuuko;used, second-hand
注目;ちゅうもく;chuumoku;notice, attention
注文;ちゅうもん;chuumon;order, request
駐車;ちゅうしゃ;chuusha;parking
中止;ちゅうし;chuushi;suspension, stoppage
中心;ちゅうしん;chuushin;center, middle, core
中心地;;chuushinchi;center, metropolis​
昼食;ちゅうしょく;chuushoku;lunch, midday meal
中央;ちゅうおう;chuuou;centre, middle
代;;dai;cost, price​, generation
大部分;だいぶぶん;daibubun;most part, majority
代表;だいひょう;daihyou;representative
代表者;;daihyousha;representative, delegate​
大臣;だいじん;daijin;cabinet minister
代金;だいきん;daikin;price, payment, cost
代理;だいり;dairi;representation, agency
大成功;;daiseikou;huge success​
大小;;daishou;sizes (various), large and small​
大都会;;daitokai;metropolis, big city​
大統領;だいとうりょう;daitouryou;president, chief executive
黙る;だまる;damaru;to be silent
段;だん;dan;steps, stair, grade, rank
男女;;danjo;men and women, both genders
男子;だんし;danshi;youth, young man
団体;だんたい;dantai;organization, association
出会い;であい;deai;meeting, encounter
出会う;であう;deau;to meet (by chance)
出来事;できごと;dekigoto;incident, affair
電池;;denchi;battery, cell​
伝言;;dengon;verbal message
電球;;denkyuu;light bulb
電子;でんし;denshi;electron
電子レンジ;;denshi renji;microwave oven
伝統;でんとう;dentou;tradition, convention
度;ど;do;degree, counter for occurrences​
毒;どく;doku;poison, toxicant
独立;どくりつ;dokuritsu;independence
独身;どくしん;dokushin;single, unmarried
読書;どくしょ;dokusho;reading
独特;どくとく;dokutoku;peculiarity, uniqueness
泥;どろ;doro;mud, dirt
努力;どりょく;doryoku;great effort, exertion
同一;どういつ;douitsu;identical, same
当時;とうじ;touji;at that time, in those days
同時;どうじ;douji;simultaneous, concurrent
銅貨;どうか;douka;copper coin
同級生;;doukyuusei;classmate
道路;どうろ;douro;road, highway
同僚;どうりょう;douryou;coworker, colleague
動詞;どうし;doushi;verb
道徳;どうとく;doutoku;morals
同様;どうよう;douyou;identical, same
柄;がら;e;handle, grip
描く;えがく;egaku;to draw, to paint
笑顔;えがお;egao;smiling face
永遠;えいえん;eien;eternity
営業;えいぎょう;eigyou;business, trade
影響;えいきょう;eikyou;influence, effect
永久;えいきゅう;eikyuu;eternity
衛星;えいせい;eisei;satellite
栄養;えいよう;eiyou;nutrition, nourishment
円;えん;en;Japanese money unit
演技;えんぎ;engi;acting, performance
援助;えんじょ;enjo;assistance, aid
延期;えんき;enki;postponement
遠足;;ensoku;excursion, outing, trip​
演奏;えんそう;ensou;musical performance
演説;えんぜつ;enzetsu;speech, address
得る;える;eru;to get, to gain, to acquire
餌;えさ;esa;feed, bait
不安;ふあん;fuan;anxiety, uneasiness
縁;ふち;fuchi;rim, edge, brink
普段;ふだん;fudan;usual, habitual
筆;ふで;fude;writing brush
笛;ふえ;fue;flute, pipe
不平;ふへい;fuhei;complaint, dissatisfaction
夫人;ふじん;fujin;wife, madam
婦人;ふじん;fujin;woman, lady, adult female
不自由;ふじゆう;fujiyuu;discomfort, inconvenience
不可;ふか;fuka;wrong, bad, improper
不可能;;fukanou;impossible
不幸;ふこう;fukou;unhappiness, sorrow
含む;ふくむ;fukumu;to contain, to comprise
袋;ふくろ;fukuro;bag, sack
服装;ふくそう;fukusou;garments, attire
不満;ふまん;fuman;dissatisfaction, displeasure
雰囲気;ふんいき;fun’iki;atmosphere
触れる;ふれる;fureru;to touch, to feel
不利;ふり;furi;disadvantage, handicap
振る;ふる;furu;to wave, to shake
震える;ふるえる;furueru;to shiver, to shake
防ぐ;ふせぐ;fusegu;to defend, to protect
不正;ふせい;fusei;injustice, unfairness
節;ふし;fushi;joint, knuckle, tune
不思議;ふしぎ;fushigi;wonder, miracle, strange
不足;ふそく;fusoku;insufficiency
双子;ふたご;futago;twins
沸騰;;futtou;boiling, becoming heated
夫婦;ふうふ;fuufu;married couple, spouses
風景;ふうけい;fuukei;scenery, landscape
不要;;fuyou;unnecessary, unneeded
不用;;fuyou;disused, unused
不用品;;fuyouhin;disused article​
害;がい;gai;injury, harm, damage
外国語;;gaikokugo;foreign language​
外国産;;gaikokusan;of foreign manufacture​
外交;がいこう;gaikou;diplomacy
外食;;gaishoku;eating out, dining out​
外出;がいしゅつ;gaishutsu;going out
画家;がか;gaka;painter, artist
学期;がっき;gakki;school term
楽器;;gakki;musical instrument​
学;がく;gaku;learning, scholarship
学部;;gakubu;department of a university​
学問;がくもん;gakumon;learning, study
学者;がくしゃ;gakusha;scholar
学習;がくしゅう;gakushuu;study, learning
画面;;gamen;terminal screen
柄;がら;gara;pattern, design
芸術;げいじゅつ;geijutsu;art, the arts
外科;;geka;surgery, department of surgery
劇;げき;geki;drama, play
劇場;げきじょう;gekijou;theater
現場;げんば;genba;actual spot, scene
現代;げんだい;gendai;nowadays, modern era
言語;げんご;gengo;language
現実;げんじつ;genjitsu;reality, actuality
現状;げんじょう;genjou;present condition
限界;げんかい;genkai;limit, bound
現金;げんきん;genkin;cash, ready money
現象;げんしょう;genshou;phenomenon
減少;;genshou;decrease, decline
現在;げんざい;genzai;now, current
議長;ぎちょう;gichou;chairman
議員;ぎいん;giin;member of the Diet
議会;ぎかい;gikai;congress, parliament
疑問;ぎもん;gimon;question, doubt
義務;ぎむ;gimu;duty, obligation
銀;ぎん;gin;silver
議論;ぎろん;giron;argument, discussion
技師;ぎし;gishi;engineer, technician
語;ご;go;language
語学;ごがく;gogaku;language study
豪華;ごうか;gouka;wonderful, gorgeous
誤解;ごかい;gokai;misunderstanding
極;きょく;goku;quite, very
塵;;gomi;rubbish, trash
合格;ごうかく;goukaku;passing (exam), success
合計;ごうけい;goukei;total amount
強盗;ごうとう;goutou;robber, mugger
軍;ぐん;gun;army, troop
軍隊;ぐんたい;guntai;armed forces
具体;ぐたい;gutai;concrete, tangible
偶然;ぐうぜん;guuzen;by chance, unexpectedly
逆;ぎゃく;gyaku;reverse, opposite
行儀;ぎょうぎ;gyougi;manners, behavior
幅;はば;haba;width, breadth
省く;はぶく;habuku;to omit, to leave out
肌;はだ;hada;skin
裸;はだか;hadaka;naked, nude
派手;;hade;showy, flashy
生える;;haeru;to grow, to spring up
激しい;はげしい;hageshii;violent, furious
母親;ははおや;hahaoya;mother
灰;はい;hai;ashes
掃く;;haku;to sweep, to brush
歯磨き;;hamigaki;brushing one’s teeth​
配送;;haisou;delivery
配達;はいたつ;haitatsu;delivery, distribution
俳優;はいゆう;haiyuu;actor, actress
始まり;はじまり;hajimari;origin, beginning
墓;はか;haka;grave, tomb
計る;はかる;hakaru;to measure, to weigh
博士;はかせ;hakase;doctorate
発見;はっけん;hakken;discovery, finding
発行;はっこう;hakkou;issue, publishing
履く;;haku;to wear, to put on
吐く;はく;haku;to vomit, to throw up
博物館;はくぶつかん;hakubutsukan;museum
拍手;はくしゅ;hakushu;applause
花火;;hanabi;fireworks
離れる;はなれる;hanareru;to be separated
話し合う;はなしあう;hanashiau;to discuss
話しかける;;hanashikakeru;to start a conversation
離す;はなす;hanasu;to separate, to part
放す;はなす;hanasu;to release, to let go
花束;;hanataba;bunch of flowers, bouquet​
花屋;;hanaya;florist, flower shop​
羽;はね;hane;feather, down
販売;はんばい;hanbai;sales, selling
判断;はんだん;handan;judgment, decision
範囲;はんい;han’i;range, scope, extent
反抗;はんこう;hankou;opposition, resistance
犯人;はんにん;hannin;offender, criminal
半年;;hantoshi;half year​
犯罪;はんざい;hanzai;crime, offense
発表;はっぴょう;happyou;announcement
腹;はら;hara;abdomen, stomach
原;はら;hara;field, plain
針;はり;hari;needle, pin
鋏;;hasami;scissors
破産;はさん;hasan;bankruptcy
端;はし;hashi;end, edge
発車;はっしゃ;hassha;departure of a vehicle
発生;;hassei;outbreak, occurrence
旗;はた;hata;flag
畑;はたけ;hatake;field
働き;はたらき;hataraki;work, labor
発達;はったつ;hattatsu;development, growth
発展;はってん;hatten;development, growth
発売;;hatsubai;sale, launch (product)​
発明;はつめい;hatsumei;invention
早めに;;hayame ni;ahead of time
外す;はずす;hazusu;to undo, to remove
塀;へい;hei;wall, fence
平方メートル;;heihou meetoru;square meter​
平日;;heijitsu;weekday, ordinary days
平均;へいきん;heikin;average, mean
平和;へいわ;heiwa;peace, harmony
変化;へんか;henka;change, alteration
変更;へんこう;henkou;change, modification
返却;;henkyaku;return of something, repayment​
減らす;へらす;herasu;to abate, to decrease
減る;へる;heru;to decrease, to diminish
費;;hi;cost, expense​
冷える;;hieru;to grow cold, to get chilly
被害;ひがい;higai;(suffering) damage, harm
悲劇;ひげき;higeki;tragedy
批判;ひはん;hihan;criticism, judgment
批評;ひひょう;hihyou;criticism, review
非常;ひじょう;hijou;emergency, extraordinary
比較;ひかく;hikaku;comparison
引き受ける;;hikiukeru;to undertake, to accept
飛行;ひこう;hikou;aviation, flight
轢く;;hiku;to run over (with a vehicle)
秘密;ひみつ;himitsu;secret, secrecy
紐;ひも;himo;string, cord
引っ張る;ひっぱる;hipparu;to pull, to draw
広がる;ひろがる;hirogaru;to spread out, to extend
昼寝;;hirune;nap (afternoon), siesta​
必死;ひっし;hisshi;frantic, desperate
額;がく;hitai;forehead, brow
否定;ひてい;hitei;negation, denial
人々;;hitobito;people\; men and women
人込み;;hitogomi;crowd of people
一言;ひとこと;hitokoto;single word, a few words
一人暮らし;;hitorigurashi;living by oneself, living alone​
等しい;ひとしい;hitoshii;equal
費用;ひよう;hiyou;cost, expense
膝;ひざ;hiza;knee, lap
日付;ひづけ;hizuke;date
略;;hobo;almost, roughly
歩道;ほどう;hodou;footpath, walkway
吠える;ほえる;hoeru;to bark, to howl
微笑む;ほほえむ;hohoemu;to smile
誇り;ほこり;hokori;pride, boast
埃;;hokori;dust
歩行者;;hokousha;pedestrian, walker​
骨;ほね;hone;bone
本気;;honki;seriousness, earnestness, truth
本物;ほんもの;honmono;genuine article
本人;ほんにん;honnin;the person himself
炎;ほのお;honoo;flame, blaze
本屋;;hon’ya;bookstore, bookshop​
頬;ほお;hoo;cheek (of face)
掘る;;horu;to dig, to excavate
保証;ほしょう;hoshou;guarantee, security
干す;;hosu;to dry, to drink up
保存;ほぞん;hozon;preservation, conservation
方;ほう;hou;direction, way, side
法;ほう;hou;law, act, principle
放題;;houdai;to one’s heart’s content
豊富;ほうふ;houfu;abundance, wealth
方法;ほうほう;houhou;method, way, manner
報告;ほうこく;houkoku;report, information
方向;ほうこう;houkou;direction, way
訪問;ほうもん;houmon;call, visit
宝石;ほうせき;houseki;gem, jewel
放送;ほうそう;housou;broadcast, broadcasting
表;ひょう;hyou;table, chart, list
評判;ひょうばん;hyouban;fame, reputation
表現;ひょうげん;hyougen;expression, representation
表情;ひょうじょう;hyoujou;facial expression
評価;ひょうか;hyouka;valuation, estimation
表面;ひょうめん;hyoumen;surface, face
胃;い;i;stomach
一致;いっち;icchi;match, agreement
位置;いち;ichi;place, position
市場;いちば;ichiba;market, the market place
一部;;ichibu;one part, one portion
一度に;いちどに;ichido ni;all at once
一時;いちじ;ichiji;time, moment
一応;;ichiou;just in case​, pretty much
一流;;ichiryuu;first-class, top grade
偉大;いだい;idai;greatness
抱く;いだく;idaku;to embrace
移動;いどう;idou;movement, transfer
衣服;いふく;ifuku;clothes
意外;いがい;igai;unexpected, surprising
違反;いはん;ihan;violence, offense
委員;いいん;iin;committee member
維持;いじ;iji;maintenance, preservation
異常;いじょう;ijou;strangeness, abnormality
一家;いっか;ikka;a house, a home
息;いき;iki;breath
生き物;いきもの;ikimono;living thing, animal
勢い;いきおい;ikioi;force, vigor, energy
以降;;ikou;hereafter, since
居間;いま;ima;living room
今に;いまに;ima ni;before long, even now
今にも;いまにも;ima ni mo;at any time, soon
稲;いね;ine;rice-plant
居眠り;いねむり;inemuri;nodding off, dozing
命;いのち;inochi;life, life force
飲料;;inryou;beverage, drink​
印刷;いんさつ;insatsu;printing
飲食;;inshoku;food and drink, eating and drinking​
印象;いんしょう;inshou;impression
引退;いんたい;intai;retire
引用;いんよう;in’you;quotation, citation
一般;いっぱん;ippan;general, universal
一方;いっぽう;ippou;one way, the other way
以来;いらい;irai;since, henceforth
依頼;いらい;irai;request, commission
苛々;;iraira;getting nervous, irritation
衣類;;irui;clothes, garments​
医療;いりょう;iryou;medical care
医師;いし;ishi;doctor, physician
意思;いし;ishi;intention, purpose
意志;いし;ishi;will, volition
意識;いしき;ishiki;consciousness
一生;いっしょう;isshou;whole life, a lifetime
一種;いっしゅ;isshu;species, kind
一瞬;いっしゅん;isshun;instant, moment
一層;いっそう;issou;much more, still more
板;いた;ita;board, plank
痛み;いたみ;itami;pain, ache, soreness
痛む;;itamu;to hurt
至る;いたる;itaru;to arrive at, to reach
悪戯;;itazura;mischief, prank
従兄弟;;itoko;cousin
一体;いったい;ittai;what on earth…
岩;いわ;iwa;rock
言わば;;iwaba;so to speak
祝う;いわう;iwau;to congratulate, to celebrate
嫌がる;;iyagaru;to hate, to dislike​
以前;いぜん;izen;ago, since, before
泉;いずみ;izumi;spring, fountain
自動;じどう;jidou;automatic
自動販売機;;jidouhanbaiki;vending machine​
自動車;;jidousha;automobile
事実;じじつ;jijitsu;fact, truth, reality
事情;じじょう;jijou;circumstances
直に;;jika ni;directly, in person
事件;じけん;jiken;event, affair, accident
時期;じき;jiki;time, season, period
実家;;jikka;(one’s parents’) home​
実験;じっけん;jikken;experiment
実行;じっこう;jikkou;execution, practice
時刻;じこく;jikoku;instant, time, moment
自慢;じまん;jiman;pride, boast
地面;;jimen;ground\; earth’s surface​
事務;じむ;jimu;business, office work
事務室;;jimushitsu;office (room)​
人物;じんぶつ;jinbutsu;person, character, figure
人工;じんこう;jinkou;artificial, man-made
人類;じんるい;jinrui;mankind, humanity
生;なま;jinsei;life
人種;じんしゅ;jinshu;race (of people), type of person
時差;;jisa;time difference​
自殺;じさつ;jisatsu;suicide
自身;じしん;jishin;by oneself, personally
自信;;jishin;self-confidence
実際;じっさい;jissai;practical, reality
実施;じっし;jisshi;enforcement, implementation
実習;;jisshuu;practice (in the field)
事態;じたい;jitai;situation
自宅;;jitaku;one’s home, one’s house​
実現;じつげん;jitsugen;implementation
実力;;jitsuryoku;(real) ability, true strength
実は;じつは;jitsu wa;as a matter of fact
実用;;jitsuyou;practical use, utility​
徐々;じょじょ;jojo;gradually, steadily
女子;じょし;joshi;woman, girl
助手;じょしゅ;joshu;helper, assistant
女王;じょおう;joou;queen
丈夫;;joubu;healthy, robust, strong
冗談;じょうだん;joudan;jest, joke
上下;;jouge;up and down​, top and bottom
上品;;jouhin;elegant, polished​
情報;じょうほう;jouhou;information, news
条件;じょうけん;jouken;conditions, terms
上空;;joukuu;sky, upper air
乗客;じょうきゃく;joukyaku;passenger
上京;じょうきょう;joukyou;proceeding to the capital (Tokyo)
状況;じょうきょう;joukyou;state of affairs
常識;じょうしき;joushiki;common sense
状態;じょうたい;joutai;condition, situation
上達;じょうたつ;joutatsu;improvement, advance
上等;じょうとう;joutou;superiority, first-class
女優;じょゆう;joyuu;actress
受験;;juken;taking an examination
順;じゅん;jun;order, turn
順番;じゅんばん;junban;turn, order of things
順調;じゅんちょう;junchou;favorable, doing well
銃;じゅう;juu;gun, rifle
重大;じゅうだい;juudai;serious, important
柔道;;juudou;judo
住民;じゅうみん;juumin;citizens, inhabitants
重視;じゅうし;juushi;importance, stress
渋滞;じゅうたい;juutai;congestion, stagnation
住宅;じゅうたく;juutaku;residence, housing
重要;じゅうよう;juuyou;important, essential
需要;じゅよう;juyou;demand, request
株;かぶ;kabu;stock, share
被る;;kaburu;to put on (one’s head)
勝ち;かち;kachi;win, victory
価値;かち;kachi;value, worth
替える;;kaeru;to replace, to exchange
会;かい;kai;meeting, assembly
回;かい;kai;counter for occurrences
回復;かいふく;kaifuku;recovery
絵画;かいが;kaiga;picture, painting
会合;かいごう;kaigou;meeting, assembly
海外;かいがい;kaigai;foreign, abroad
会員;かいいん;kaiin;member
会計;かいけい;kaikei;account, finance
改札;;kaisatsu;ticket gate, ticket barrier​
解決;かいけつ;kaiketsu;settlement, solution
快晴;;kaisei;clear weather, cloudless weather
会社員;;kaishain;company employee​
解釈;かいしゃく;kaishaku;explanation, interpretation
開始;かいし;kaishi;start, beginning
回収;;kaishuu;collection, retrieval
回数;;kaisuu;number of times, frequency
快適;かいてき;kaiteki;pleasant, comfortable
改善;かいぜん;kaizen;improvement
化学;かがく;kagaku;chemistry
輝く;かがやく;kagayaku;to shine, to glitter
影;かげ;kage;shadow
加減;かげん;kagen;adjustment, degree, extent
鍵;;kagi;key
限る;かぎる;kagiru;to restrict, to limit
籠;;kago;basket, cage
家具;かぐ;kagu;furniture
家事;かじ;kaji;housework
抱える;かかえる;kakaeru;to hold in the arms
価格;かかく;kakaku;price, value, cost
関わる;;kakawaru;to be concerned with, to have to do with
欠ける;かける;kakeru;to be lacking
書き直す;;kakinaosu;to write out, to rewrite
活気;かっき;kakki;energy, liveliness
過去;かこ;kako;the past, bygone days
囲む;かこむ;kakomu;to surround, to encircle
各地;;kakuchi;every place, various places​
拡大;かくだい;kakudai;magnification
覚悟;かくご;kakugo;resolution, readiness
確実;かくじつ;kakujitsu;certainty, reliability
確認;かくにん;kakunin;confirmation, verification
隠れる;かくれる;kakureru;to hide, to be hidden
隠す;かくす;kakusu;to hide, to conceal
我慢;がまん;gaman;patience, endurance
構う;かまう;kamau;to mind, to care about
神;かみ;kami;God, deity
上;じょう;kami;person of high rank, government
雷;かみなり;kaminari;lightning, thunder
髪の毛;かみのけ;kami no ke;hair (head)
科目;かもく;kamoku;school subject
缶;かん;kan;can, tin
管;かん;kan;pipe, tube
勘;かん;kan;perception, intuition
看板;;kanban;signboard, billboard
必ずしも;かならずしも;kanarazushimo;not always
可也;;kanari;considerably, fairly
悲しむ;かなしむ;kanashimu;to be sad, to mourn for
感動;かんどう;kandou;feeling deeply moved emotionally
考え;かんがえ;kangae;thinking, thought, view
歓迎;かんげい;kangei;welcome, reception
感激;;kangeki;deep emotion, impression
患者;かんじゃ;kanja;patient
感じ;かんじ;kanji;feeling, sense
感じる;かんじる;kanjiru;to feel, to sense
勘定;かんじょう;kanjou;calculation, counting
感情;かんじょう;kanjou;emotion, feeling
感覚;かんかく;kankaku;sense, sensation, feeling
間隔;;kankaku;space, interval​
観光;かんこう;kankou;sightseeing
観光客;;kankoukyaku;tourist
観客;かんきゃく;kankyaku;audience, spectator
環境;かんきょう;kankyou;environment
可能;かのう;kanou;potential, possible
管理人;;kanrinin;administrator, manager
観察;かんさつ;kansatsu;observation
感謝;かんしゃ;kansha;thanks, gratitude
感想;;kansou;impressions, thoughts
乾燥;;kansou;drying (e.g. clothes), dryness
香り;かおり;kaori;fragrance
空;から;kara;emptiness, vacuum, blank
彼ら;かれら;karera;they (usually male)
枯れる;;kareru;to wither (of a plant)
刈る;かる;karu;to cut (hair), to mow (grass)
火災;かさい;kasai;conflagration, fire
重ねる;;kasaneru;to pile up, to heap up
稼ぐ;かせぐ;kasegu;to earn income
完成;かんせい;kansei;complete, completion
貸出;;kashidashi;lending, loaning
賢い;かしこい;kashikoi;wise, clever, smart
感心;かんしん;kanshin;admiration
関心;かんしん;kanshin;concern, interest
関連;かんれん;kanren;relation, connection
管理;かんり;kanri;control, management
完了;かんりょう;kanryou;completion, conclusion
関する;かんする;kansuru;to concern, to be related
監督;かんとく;kantoku;supervision
歌手;かしゅ;kashu;singer
型;かた;kata;model, type
肩;かた;kata;shoulder
方々;かたがた;katagata;they (people), you (plural)
片方;;katahou;one of a pair, one side
固まる;;katamaru;to harden, to solidify​
刀;かたな;katana;sword, katana
語り合う;;katariau;to talk together
語る;かたる;kataru;to talk about
仮定;;katei;assumption, hypothesis
動;;katsudou;action, activity
活用;かつよう;katsuyou;practical use
勝手;;katte;one’s own convenience, selfish
飼う;かう;kau;to keep (a pet)
皮;かわ;kawa;skin, pelt
革;かわ;kawa;leather
可愛らしい;かわいらしい;kawairashii;lovely, sweet
可哀そう;;kawaisou;poor, pitiable
川沿い;;kawazoi;along the river, riverside
完全;かんぜん;kanzen;perfection, completeness
飾り;;kazari;decoration
数える;かぞえる;kazoeru;to count
数;かず;kazu;number
経営;けいえい;keiei;management
敬意;けいい;keii;respect, honor
掲示;けいじ;keiji;notice, bulletin
刑事;けいじ;keji;police detective, criminal matter
掲示板;;keijiban;bulletin board, notice board
景気;けいき;keiki;business condition
警告;けいこく;keikoku;warning, advice
傾向;けいこう;keikou;tendency, trend
計算;けいさん;keisan;calculation, reckoning
契約;けいやく;keiyaku;contract, agreement
経由;けいゆ;keiyu;through, via
結果;けっか;kekka;result, consequence
欠陥;けっかん;kekkan;defect, fault
結局;けっきょく;kekkyoku;after all, eventually
煙;けむり;kemuri;smoke, fumes
券;けん;ken;ticket, coupon
県;けん;ken;prefecture (of Japan)
建築;けんちく;kenchiku;construction, architecture
見学;;kengaku;inspection, field trip
見解;けんかい;kenkai;opinion, point of view
健康;けんこう;kenkou;health
研究者;;kenkyuusha;researcher
研究所;;kenkyuusho;research institute, laboratory​
憲法;けんぽう;kenpou;constitution
権利;けんり;kenri;right, privilege
検査;けんさ;kensa;inspection, examination
建設;けんせつ;kensetsu;construction
見当;けんとう;kentou;aim, mark, direction
検討;けんとう;kentou;consideration, examination
欠席;けっせき;kesseki;absence
決心;けっしん;kesshin;determination, resolution
化粧;けしょう;keshou;make-up, cosmetics
決定;けってい;kettei;decision, determination
欠点;けってん;ketten;weak point, weakness
血圧;;ketsuatsu;blood pressure​
血液;;ketsueki;blood
血液型;;ketsuekigata;blood type
結論;けつろん;ketsuron;conclusion
気に入る;きにいる;ki ni iru;to be pleased with
気の毒;きのどく;ki no doku;pitiful, unfortunate
希望;きぼう;kibou;hope, wish
希望者;;kibousha;applicant, candidate
貴重;きちょう;kichou;precious, valuable
寄付;きふ;kifu;contribution, donation
機嫌;きげん;kigen;humor, temper, mood
期限;;kigen;time limit, deadline
企業;きぎょう;kigyou;enterprise, undertaking
基本;きほん;kihon;foundation, basis
生地;きじ;kiji;cloth, fabric
記事;きじ;kiji;article, news story
機械;きかい;kikai;machine, mechanism
期間;きかん;kikan;period, term
機関;きかん;kikan;engine, agency, organization
帰国;;kikoku;return to one’s country​
気候;きこう;kikou;climate
効く;きく;kiku;to be effective
決まり;きまり;kimari;rule, settlement
気味;きみ;kimi;sensation, feeling
金;きん;kin;gold
緊張;きんちょう;kinchou;tension, nervousness
近代;きんだい;kindai;present day
禁煙;きんえん;kin’en;no smoking
記念品;;kinenhin;souvenir, memento​
金額;きんがく;kingaku;amount of money
気になる;;ki ni naru;to bother one, to worry about
気にする;;ki ni suru;to mind, to care about
金庫;きんこ;kinko;safe, vault
筋肉;きんにく;kinniku;muscle
金銭;きんせん;kinsen;money, cash
禁止;きんし;kinshi;prohibition, ban
金属;きんぞく;kinzoku;metal
奇妙;きみょう;kimyou;strange, queer
記念;きねん;kinen;commemoration
機能;きのう;kinou;function
記入;きにゅう;kinyuu;entry, filling in forms
金融;きんゆう;kin’yuu;financing, money circulation
記憶;きおく;kioku;memory, recollection
気温;きおん;kion;atmospheric temperature
霧;きり;kiri;fog, mist
切れ;きれ;kire;piece, slide
切れる;きれる;kireru;to break, to snap
記録;きろく;kiroku;record, document
記者;きしゃ;kisha;reporter
岸;きし;kishi;bank, coast, shore
基礎;;kiso;foundation, basis​
期待;きたい;kitai;expectation, hope
帰宅;きたく;kitaku;returning home
際;さい;kiwa;edge, brink, verge
嫌う;きらう;kirau;to hate, to dislike
傷;きず;kizu;wound, injury, cut
器用;きよう;kiyou;dexterous, skillful
気付く;;kizuku;to notice, to realize
越える;こえる;koeru;to cross over
恋;こい;koi;love
濃い;こい;koi;thick, dense, strong
恋人;こいびと;koibito;lover, sweetheart
恋しい;;koishii;yearned for, missed
個人;こじん;kojin;individual, personal
国家;こっか;kokka;state, country, nation
国会;こっかい;kokkai;National Diet, parliament
国境;こっきょう;kokkyou;national border
黒板;こくばん;kokuban;blackboard
国語;こくご;kokugo;national language
克服;こくふく;kokufuku;conquest, overcoming
国民;こくみん;kokumin;national, citizen
穀物;こくもつ;kokumotsu;grain, cereal
故郷;;kokyou;home town, birthplace
呼吸;こきゅう;kokyuu;breathing, respiration
小麦;こむぎ;komugi;wheat
今後;こんご;kongo;from now on
今回;こんかい;konkai;now, this time
粉;こな;kona;flour, powder
困難;こんなん;konnan;difficulty, distress
今日;;konnichi;this day, these days, recently
好み;このみ;konomi;liking, taste
好む;このむ;konomu;to like, to prefer
混乱;こんらん;konran;disorder, chaos
婚約;こんやく;kon’yaku;engagement, betrothal
混雑;こんざつ;konzatsu;congestion, jam
氷;こおり;koori;ice
凍る;こおる;kooru;to freeze
転ぶ;ころぶ;korobu;to fall down
殺す;ころす;korosu;to kill
腰;こし;koshi;lower back, waist
骨折;こっせつ;kossetsu;bone fracture
異なる;ことなる;kotonaru;to differ, to vary
断る;ことわる;kotowaru;to refuse, to reject
諺;;kotowaza;proverb, maxim
好物;;koubutsu;favourite food​
行動;こうどう;koudou;action, conduct, behavior
講演;こうえん;kouen;lecture, address, speech
幸福;こうふく;koufuku;happiness
攻撃;こうげき;kougeki;attack, strike
公平;こうへい;kouhei;fairness, justice
候補;こうほ;kouho;candidate
後方;;kouhou;behind, in the rear
工事;;kouji;construction work​
効果;こうか;kouka;effect, effectiveness
硬貨;こうか;kouka;coin
高価;こうか;kouka;high price
交換;こうかん;koukan;exchange, interchange
光景;こうけい;koukei;scene, spectacle
貢献;こうけん;kouken;contribution
広告;こうこく;koukoku;advertisement
航空;こうくう;koukuu;aviation, flying
公共;;koukyou;public, community
購入;;kounyuu;purchase, buy
考慮;こうりょ;kouryo;consideration
交流;;kouryuu;(cultural) exchange, networking
交際;こうさい;kousai;association, friendship
構成;こうせい;kousei;organization, composition
高速;こうそく;kousoku;high speed
後者;こうしゃ;kousha;the latter
交通費;;koutsuuhi;traveling expenses
幸運;こううん;kouun;good luck, fortune
小屋;こや;koya;hut, cabin, shed
小包;こづつみ;kozutsumi;parcel, package
配る;;kubaru;to distribute, to hand out
区別;くべつ;kubetsu;distinction, differentiation
工夫;;kufuu;solving ingeniously​
組;くみ;kumi;set, group
組合;くみあい;kumiai;association, union
組み立てる;;kumitateru;to assemble, to set up
曇;;kumori;cloudiness, cloudy weather
曇る;;kumoru;to get cloudy
組む;くむ;kumu;to link, to put together
訓練;くんれん;kunren;practice, training
位;くらい;kurai;rank, class, grade
暮らし;くらし;kurashi;life, living
暮らす;くらす;kurasu;to live
暮れ;くれ;kure;sunset, sundown
繰り返す;くりかえす;kurikaesu;to repeat
苦労;くろう;kurou;troubles, hardships
苦しい;くるしい;kurushii;painful, difficult
苦しむ;くるしむ;kurushimu;to suffer
狂う;くるう;kuruu;to go mad
臭い;くさい;kusai;stinking, smelly
鎖;くさり;kusari;chain
腐る;くさる;kusaru;to rot, to go bad
癖;くせ;kuse;habit
苦痛;くつう;kutsuu;pain, agony
加える;くわえる;kuwaeru;to add, to sum up
詳しい;くわしい;kuwashii;detailed
加わる;くわわる;kuwawaru;to be added to
句;く;ku;sentence, passage
食う;くう;kuu;to eat
悔しい;;kuyashii;annoying, frustrating
巨大;きょだい;kyodai;huge, gigantic
許可;きょか;kyoka;permission, approval
局;きょく;kyoku;bureau, department
距離;;kyori;distance, range​
強調;きょうちょう;kyouchou;emphasis, highlight
共同;きょうどう;kyoudou;doing together, joint
恐怖;きょうふ;kyoufu;fear, dread, dismay
競技;きょうぎ;kyougi;game, match
競合;;kyougou;competition, rivalry
教授;きょうじゅ;kyouju;professor
教科書;きょうかしょ;kyoukasho;textbook
供給;きょうきゅう;kyoukyuu;supply, provision
協力;きょうりょく;kyouryoku;cooperation
強力;きょうりょく;kyouryoku;powerful, strong
教師;きょうし;kyoushi;teacher (classroom)
共通;きょうつう;kyoutsuu;commonness, community
共通点;;kyoutsuuten;point in common, common feature​
級;きゅう;kyuu;class (school, grade, rank
急に;きゅうに;kyuu ni;swiftly, rapidly
急激;きゅうげき;kyuugeki;sudden, radical
休日;;kyuujitsu;holiday, day off​
救助;きゅうじょ;kyuujo;relief, aid
休暇;きゅうか;kyuuka;holiday, day off
休憩;きゅうけい;kyuukei;rest, break, recess
給料;きゅうりょう;kyuuryou;salary, wages
吸収;きゅうしゅう;kyuushuu;absorption
急速;きゅうそく;kyuusoku;rapid (progress)
眩しい;;mabushii;dazzling, radiant​
間違い;まちがい;machigai;mistake, error, blunder
間違う;;machigau;to make a mistake
窓口;;madoguchi;ticket window, counter
孫;まご;mago;grandchild
迷子;まいご;maigo;lost child, lost person
任せる;まかせる;makaseru;to entrust, to leave to
負け;まけ;make;defeat, loss
幕;まく;maku;curtain
豆;まめ;mame;beans
守る;まもる;mamoru;to protect, to guard
学ぶ;まなぶ;manabu;to study, to learn
真似;まね;mane;imitating, copying
招く;まねく;maneku;to invite, to ask
万一;まんいち;man’ichi;by some chance
満点;;manten;perfect score, full marks​
満足;まんぞく;manzoku;satisfaction, contentment
丸;まる;maru;circle
真逆;;masaka;by no means, never
正に;;masa ni;exactly, surely
増す;ます;masu;to increase, to grow
回り;まわり;mawari;rotation
回す;まわす;mawasu;to turn, to rotate
迷う;;mayou;to lose one’s way
先ず;;mazu;first of all, to start with
混ぜる;;mazeru;to mix, to stir
貧しい;まずしい;mazushii;poor
命じる;めいじる;meijiru;to order, to command
明確;めいかく;meikaku;clear, precise
命令;めいれい;meirei;order, command
迷惑;めいわく;meiwaku;trouble, bother, annoyance
面;めん;men;face, mask
綿;めん;men;cotton
面倒;めんどう;mendou;trouble, care
免許;めんきょ;menkyo;license, permit
免許証;;menkyoshou;license, permit
面接;;mensetsu;interview (e.g. for a job)​
飯;めし;meshi;cooked rice, meal
目覚まし時計;;mezamashidokei;alarm clock​
身;み;mi;body, oneself
実;み;mi;fruit, nut
身につける;;mi ni tsukeru;to learn\; to acquire knowledge​
満ちる;みちる;michiru;to be full
身近;;midjika;near oneself, close to one
見事;みごと;migoto;splendid, magnificent
味方;みかた;mikata;friend, ally
見舞い;みまい;mimai;visiting ill or distressed people
未満;;miman;less than, insufficient​
見送り;みおくり;miokuri;seeing one off
見送る;;miokuru;to see someone off
未来;みらい;mirai;the future
魅力;みりょく;miryoku;charm, fascination
認める;みとめる;mitomeru;to accept, to admit
見つめる;;mitsumeru;to stare at, to gaze at
土産;みやげ;miyage;present, souvenir
都;みやこ;miyako;capital, metropolis
持上げる;;mochiageru;to elevate, to raise
持ち運び;;mochihakobi;carrying
用いる;もちいる;mochiiru;to use, to make use of
持ち物;;mochimono;personal effects, one’s belongings​
戻す;もどす;modosu;to put back, to give back
燃える;もえる;moeru;to burn, to get fired up
文字;もじ;moji;letter (of alphabet)
目標;もくひょう;mokuhyou;objective, target
目的;もくてき;mokuteki;goal, purpose, aim
文句;もんく;monku;complaint, grumbling
者;もの;mono;person
物語;ものがたり;monogatari;tale, story
物事;ものごと;monogoto;things, everything
物音;ものおと;monooto;sounds
盛り;さかり;mori;serving, helping
元;もと;moto;origin, source, base
求める;もとめる;motomeru;to want, to wish for
最も;もっとも;mottomo;most, extremely
毛布;もうふ;moufu;blanket
申し込み;;moushikomi;application, entry
申込書;;moushikomisho;application form
申し込む;もうしこむ;moushikomu;to apply for
申し訳;もうしわけ;moushiwake;apology, excuse
模様;もよう;moyou;pattern, design
夢中;むちゅう;muchuu;daze, ecstasy
無駄;むだ;muda;futility, uselessness
迎え;むかえ;mukae;meeting, greeting
向かい;;mukai;facing, opposite
向ける;むける;mukeru;to turn toward, to point
向く;むく;muku;to face, to turn toward
剥く;;muku;to peel, to skin
胸;むね;mune;chest, breast
無料;むりょう;muryou;free, no charge
無視;むし;mushi;disregarding, ignoring
虫歯;むしば;mushiba;cavity, tooth decay
結ぶ;むすぶ;musubu;to tie, to bind
妙;みょう;myou;strange, unusual
名;な;na;name, given name
鍋;なべ;nabe;saucepan, pot
撫でる;;naderu;to stroke, to caress
長生き;;nagaiki;longevity, long life​
眺め;ながめ;nagame;view, scene, prospect
眺める;ながめる;nagameru;to view, to gaze at
流れ;ながれ;nagare;stream, current, flow
流れる;ながれる;nagareru;to stream, to flow
流す;ながす;nagasu;to drain, to shed
慰める;;nagusameru;to comfort, to console
内緒;;naisho;secrecy, confidentiality
内容;ないよう;naiyou;contents, matter
仲;なか;naka;relation, relationship
半ば;なかば;nakaba;middle, half
仲間;なかま;nakama;fellow, companion
中身;;nakami;contents, interior
仲直り;;nakanaori;reconciliation, make peace with​
生;なま;nama;raw, uncooked
怠ける;なまける;namakeru;to be idle
波;なみ;nami;wave
涙;なみだ;namida;tears
直;なお;nao;straight, ordinary, common
情けない;;nasakenai;miserable, pitiable
納得;なっとく;nattoku;consent, assent
懐かしい;;natsukashii;missed, nostalgic​
縄;なわ;nawa;rope, cord
悩む;なやむ;nayamu;to be worried
謎;なぞ;nazo;riddle, puzzle, mystery
根;ね;ne;root, source, origin
熱中;ねっちゅう;necchuu;going nuts (over something)
値段;;nedan;price, cost
願い;ねがい;negai;desire, wish
願う;ねがう;negau;to desire, to wish
年代;ねんだい;nendai;age, era, period
年中;ねんじゅう;nenjuu;whole year, all year round
年間;ねんかん;nenkan;years (period of)
年齢;ねんれい;nenrei;age, years
熱帯;ねったい;nettai;tropics
鼠;;nezumi;mouse, rat
似合う;にあう;niau;to suit, to match
日常;にちじょう;nichijou;ordinary, everyday
日中;にっちゅう;nicchuu;daytime, during the day
日時;;nichiji;date and time​
日夜;;nichiya;day and night, always, constantly
苦手;にがて;nigate;poor at, weak in
握る;にぎる;nigiru;to grip, to grasp
日本;にほん;nihon;Japan
日光;にっこう;nikkou;sunlight
人間;にんげん;ningen;human being, person
人気;にんき;ninki;popularity
人数;;ninzuu;the number of people​
日程;;nittei;schedule, program
野;の;no;plain, field
伸ばす;のばす;nobasu;to grow long
述べる;のべる;noberu;to state, to express
伸びる;のびる;nobiru;to stretch, to extend
軒;けん;noki;eaves
残り;のこり;nokori;remnant, residue
残す;のこす;nokosu;to leave (behind)
乗せる;のせる;noseru;to place on
能;のう;nou;talent, gift, function
農業;のうぎょう;nougyou;agriculture
農家;のうか;nouka;farmer, farm family
農民;のうみん;noumin;farmers, peasants
能力;のうりょく;nouryoku;ability
除く;のぞく;nozoku;to exclude, to except
望み;のぞみ;nozomi;hope, desire, wish
望む;のぞむ;nozomu;to desire, to wish for
抜ける;ぬける;nukeru;to come out, to fall out
抜く;ぬく;nuku;to extract, to omit
布;ぬの;nuno;cloth
入学;;nyuugaku;matriculation
入院;;nyuuin;hospitalization
入場;にゅうじょう;nyuujou;entrance, admission
入力;;nyuuryoku;input, (data) entry​
入社;;nyuusha;joining a company
溺れる;;oboreru;to drown
帯;おび;obi;obi, kimono sash
落ち着く;;ochitsuku;to calm down, to compose oneself
穏やか;おだやか;odayaka;calm, gentle, quiet
終える;おえる;oeru;to finish
老い;おい;oi;old age, old person
丘;おか;oka;hill, height
沖;おき;oki;open sea
起こる;おこる;okoru;to occur, to happen
奥;おく;oku;inner part
贈る;おくる;okuru;to give (as a gift)
主に;おもに;omo ni;mainly, primarily
思い出;おもいで;omoide;memories
思わず;おもわず;omowazu;unintentionally
恩;おん;on;favor, debt of gratitude
温暖;おんだん;ondan;warm, mild
温度;おんど;ondo;temperature
鬼;おに;oni;demon
温泉;;onsen;hot spring​
追い付く;;oitsuku;to catch up with
大雨;;ooame;heavy rain​
大型;;oogata;large, larged-size
大いに;おおいに;ooi ni;very, much, greatly
覆う;おおう;oou;to cover, to conceal
大家;;ooya;landlord, landlady
大雪;;ooyuki;heavy snow​
下す;;orosu;to lower, to drop
降ろす;;orosu;to take down, to unload
収める;おさめる;osameru;to dedicate, to supply
幼い;おさない;osanai;very young, childish
抑える;;osaeru;to restrain, to control
汚染;おせん;osen;pollution, contamination
劣る;おとる;otoru;to be inferior to
恐らく;;osoraku;perhaps, likely
恐れる;おそれる;osoreru;to fear, to be afraid of
恐ろしい;おそろしい;osoroshii;terrible, dreadful
追う;おう;ou;to chase, to run after
応募;;oubo;application, enlistment
応援;;ouen;aid, assistance, help
往復;;oufuku;making a round trip
王/王様;;ou/ousama;king, ruler
横断;おうだん;oudan;crossing, traverse
王子;おうじ;ouji;prince
応じる;おうじる;oujiru;to respond, to comply
応用;;ouyou;putting to practical use​
終;;owari;the end
及ぼす;およぼす;oyobosu;to exert, to cause
泳ぎ;およぎ;oyogi;swimming
凡そ;;oyoso;about, roughly
楽;らく;raku;comfort, ease
例;れい;rei;example, case
礼儀;れいぎ;reigi;manners, courtesy
冷静;れいせい;reisei;calm, composure
連絡先;;renrakusaki;contact address​
練習;;renshuu;practice, practicing
連想;れんそう;rensou;association of ideas
連続;れんぞく;renzoku;serial, consecutive
列車;れっしゃ;ressha;train (ordinary)
列;れつ;retsu;queue, line
利益;りえき;rieki;profit, gains
理解;りかい;rikai;understanding, comprehension
離婚;りこん;rikon;divorce
利口;りこう;rikou;clever, intelligent
立派;;rippa;splendid, fine
理想;りそう;risou;ideal
率;りつ;ritsu;rate, ratio
利用者;;riyousha;user, consumer​
論文;ろんぶん;ronbun;thesis, essay
論じる;ろんじる;ronjiru;to argue, to debate
論争;ろんそう;ronsou;controversy, dispute
労働;ろうどう;roudou;manual labor, work
老人;ろうじん;roujin;the aged, old person
量;りょう;ryou;quantity, amount
両替;りょうがえ;ryougae;change, money exchange
料金;りょうきん;ryoukin;fee, charge, fare
領収書;;ryoushuusho;hand-written receipt​
留学;りゅうがく;ryuugaku;studying abroad
流行;りゅうこう;ryuukou;fashion, vogue
差;さ;sa;difference, variation
砂漠;さばく;sabaku;desert
差別;さべつ;sabetsu;discrimination
作業;さぎょう;sagyou;work, operation
作法;さほう;sahou;manners, etiquette
裁判;さいばん;saiban;trial, judgement
最上;;saijou;best
参加者;;sankasha;participant, entrant​
最高;さいこう;saikou;highest, supreme
才能;さいのう;sainou;talent, ability
最終;さいしゅう;saishuu;last, final
最低;さいてい;saitei;least, lowest, worst
幸い;さいわい;saiwai;happiness, luckily
境;さかい;sakai;border, boundery
逆らう;さからう;sakarau;to go against, to oppose
盛り;さかり;sakari;peak, height
叫ぶ;さけぶ;sakebu;to shout, to cry
避ける;さける;sakeru;to avoid, to ward off
作家;さっか;sakka;author, writer
作曲;さっきょく;sakkyoku;composition
作品;さくひん;sakuhin;work, production
作物;さくもつ;sakumotsu;produce, crops
桜;さくら;sakura;cherry blossom
覚ます;さます;samasu;to awaken
覚める;さめる;sameru;to wake up
様々;さまざま;samazama;varied, various
参加;さんか;sanka;participation
参考;さんこう;sankou;reference, consultation
賛成;さんせい;sansei;approval, agreement
酸素;さんそ;sanso;oxygen
更に;;sara ni;furthermore, again
去る;さる;saru;to leave, to go away
猿;;saru;monkey
支える;ささえる;sasaeru;to support, to prop
誘う;さそう;sasou;to invite, to call for
指す;さす;sasu;to point, to indicate
偖;;sate;well, now, then
札;さつ;satsu;note, paper money
騒ぎ;さわぎ;sawagi;uproar, disturbance
左右;さゆう;sayuu;left and right, control
正;せい;sei;true, regular
性;せい;sei;gender
所為;;sei;consequence, result, blame
製;;sei;-made, make​
性別;;seibetsu;gender
生物;せいぶつ;seibutsu;living things
成長;せいちょう;seichou;growth, grow to adulthood
制度;せいど;seido;system, institution
政府;せいふ;seifu;government, administration
制服;;seifuku;uniform
制限;せいげん;seigen;restriction, restraint
製品;せいひん;seihin;manufactured goods
政治家;;seijika;politician, statesman​
成人;せいじん;seijin;adult
正常;;seijou;normalcy, normality
正解;;seikai;correct, right
性格;せいかく;seikaku;character, personality
正確;せいかく;seikaku;accurate, punctual
清潔;せいけつ;seiketsu;clean, sanitary
世紀;せいき;seiki;century, era
成功;せいこう;seikou;success, hit
請求;せいきゅう;seikyuu;claim, demand, charge
生命;せいめい;seimei;life, existence
青年;せいねん;seinen;youth, young man
整理;せいり;seiri;sorting, arrangement
生産;;seisan;production, manufacture
成績;せいせき;seiseki;results, grade
正式;せいしき;seishiki;official, formality
精神;せいしん;seishin;spirit, heart, mind
精々;;seizei;at the most, at best
製造;せいぞう;seizou;manufacture, production
世間;せけん;seken;world, society
咳;せき;seki;cough
責任;せきにん;sekinin;duty, responsibility
石炭;せきたん;sekitan;coal
石油;せきゆ;sekiyu;oil, petroleum
設計;せっけい;sekkei;plan, design, layout
積極的;せっきょくてき;sekkyokuteki;assertive, positive
責める;せめる;semeru;to blame, to condemn
宣伝;;senden;publicity, advertisement
先日;せんじつ;senjitsu;the other day
専攻;せんこう;senkou;major subject
専門;;senmon;specialty, area of expertise​
専門家;;senmonka;specialist, expert
選手;せんしゅ;senshu;player, team member
選択;せんたく;sentaku;selection, choice
説;せつ;setsu;theory
設備;せつび;setsubi;equipment, device
説明会;;setsumeikai;information session, briefing
節約;せつやく;setsuyaku;economizing, saving
喋る;;shaberu;to talk, to chat
車道;;shadou;roadway
社員;;shain;company employee​
借金;しゃっきん;shakkin;debt, loan, liabilities
詩;し;shi;poem
幸せ;しあわせ;shiawase;happiness, good fortune
芝居;しばい;shibai;play, drama
芝生;しばふ;shibafu;lawn
縛る;;shibaru;to tie, to bind, to fasten​
屡々;;shibashiba;often, again and again
死亡;しぼう;shibou;death, mortality
次第に;;shidai ni;gradually, in sequence
指導;しどう;shidou;leadership, guidance
指導者;;shidousha;leader, guide
刺激;しげき;shigeki;stimulus, impetus
資源;しげん;shigen;resources
支配;しはい;shihai;domination, rule
支払い;しはらい;shiharai;payment
支払う;しはらう;shiharau;to pay
始発;;shihatsu;first train, first bus
資本;しほん;shihon;funds, capital
詩人;しじん;shijin;poet
然も;;shika mo;moreover, furthermore
式;しき;shiki;equation, ceremony, style
頻りに;;shikiri ni;frequently, repeatedly
湿気;;shikke;moisture, humidity, dampness​
支給;しきゅう;shikyuu;provision, supply
姉妹;しまい;shimai;sisters
仕舞う;;shimau;to finish, to stop
締め切り;;shimekiri;deadline, closing
占める;しめる;shimeru;to occupy, to hold
締める;;shimeru;to tie, to fasten, to tighten
示す;しめす;shimesu;to show, to indicate
霜;しも;shimo;frost
品;ひん;shina;article, item, goods
身長;しんちょう;shinchou;height (of body), stature
慎重;しんちょう;shinchou;careful, cautious, prudent
進学;しんがく;shingaku;entering a higher-level school
信号;しんごう;shingou;signal, traffic light
信じる;しんじる;shinjiru;to believe, to trust
新幹線;;shinkansen;Shinkansen, bullet train​
神経;しんけい;shinkei;nerve, sensitivity
真剣;しんけん;shinken;seriousness, earnestness
深刻;しんこく;shinkoku;serious, severe
信仰;しんこう;shinkou;faith, belief
信念;;shinnen;belief, faith, conviction
新入生;;shinnyuusei;new student, freshman
審判;しんぱん;shinpan;refereeing, trial
進歩;しんぽ;shinpo;progress, advance
信頼;しんらい;shinrai;reliance, trust
心理;しんり;shinri;state of mind, mentality
森林;;shinrin;forest, woods​
診察;しんさつ;shinsatsu;medical examination
親戚;しんせき;shinseki;relative, relation
新鮮;しんせん;shinsen;fresh
信用;しんよう;shin’you;confidence, credit
親友;しんゆう;shin’yuu;close friend
心臓;しんぞう;shinzou;heart, guts, nerve
調べ物;;shirabemono;matter to be checked or investigated​
知らせ;しらせ;shirase;news, notice
尻;しり;shiri;buttocks, bottom
知り合い;;shiriai;acquaintance
知り合う;;shiriau;to get to know (someone)
城;しろ;shiro;castle
印;しるし;shirushi;seal, stamp, mark
資料;;shiryou;materials, data, document​
姿勢;;shisei;posture, attitude
試食;;shishoku;sampling food​
支出;ししゅつ;shishutsu;expenditure
思想;しそう;shisou;thought, idea
舌;した;shita;tongue
従う;したがう;shitagau;to abide (by the rules)
親しい;したしい;shitashii;intimate, close
指定;;shitei;assignment, appointment
支店;してん;shiten;branch office
質;しつ;shitsu;quality, value
失望;しつぼう;shitsubou;disappointment, despair
湿度;;shitsudo;level of humidity​
失業;しつぎょう;shitsugyou;unemployment
室内;;shitsunai;indoor, inside the room​
市役所;;shiyakusho;municipal office, city hall​
使用;しよう;shiyou;use, application
自然;しぜん;shizen;nature, natural
沈む;しずむ;shizumu;to sink, to go under
食器;;shokki;tableware
職;しょく;shoku;job, work, employment
職場;;shokuba;place of work, workplace
植物;しょくぶつ;shokubutsu;plant, vegetation
職業;しょくぎょう;shokugyou;occupation, business
食品;しょくひん;shokuhin;food, foodstuff
食物;しょくもつ;shokumotsu;food, foodstuff
食卓;しょくたく;shokutaku;dining table
食欲;しょくよく;shokuyoku;appetite (for food)
食料;しょくりょう;shokuryou;food
食糧;しょくりょう;shokuryou;provisions, food supply
署名;しょめい;shomei;signature
書物;しょもつ;shomotsu;books
処理;しょり;shori;processing, dealing with
書類;しょるい;shorui;documents, official papers
書斎;しょさい;shosai;study, library
章;しょう;shou;chapter, section
賞;しょう;shou;prize, award
商売;しょうばい;shoubai;trade, business
消防;しょうぼう;shoubou;fire fighting
承知;しょうち;shouchi;knowledge, awareness
障害;しょうがい;shougai;obstacle, impediment
奨学金;しょうがくきん;shougakukin;scholarship
小学生;;shougakusei;primary school student
正午;しょうご;shougo;noon, midday
消費;しょうひ;shouhi;consumption, expenditure
商品;しょうひん;shouhin;commodity, goods
正直;しょうじき;shoujiki;honesty, integrity
生じる;しょうじる;shoujiru;to produce, to yield
少女;しょうじょ;shoujo;little girl, young lady
症状;しょうじょう;shoujou;symptoms, condition
証明;しょうめい;shoumei;proof, verification
少年;しょうねん;shounen;boy, juvenile
商人;しょうにん;shounin;trader, merchant
承認;しょうにん;shounin;recognition, acknowledgement
小説家;;shousetsuka;novelist, fiction writer​
少々;しょうしょう;shoushou;just a minute
衝突;しょうとつ;shoutotsu;collision, crash
出張;;shucchou;official tour, business trip
主張;しゅちょう;shuchou;claim, insistence
手段;しゅだん;shudan;means, way, measure
主婦;しゅふ;shufu;housewife, mistress
主義;しゅぎ;shugi;principle, rule, doctrine
手術;しゅじゅつ;shujutsu;surgical operation
瞬間;しゅんかん;shunkan;moment, instant, second
出勤;;shukkin;going to work, leaving for work
縮小;;shukushou;reduction, curtailment​
種類;しゅるい;shurui;variety, kind, type
首相;しゅしょう;shushou;Prime Minister
首都;しゅと;shuto;capital city
宿泊;しゅくはく;shukuhaku;lodging
出版;しゅっぱん;shuppan;publication
主要;しゅよう;shuyou;chief, main, principle
出身;しゅっしん;shusshin;person’s origin
集中;しゅうちゅう;shuuchuu;concentration
集団;しゅうだん;shuudan;group, mass
集合;;shuugou;gathering, assembly, meeting​
周囲;しゅうい;shuui;surroundings, environs
収穫;しゅうかく;shuukaku;harvest, crop
週間;しゅうかん;shuukan;week
週刊;;shuukan;weekly publication​
宗教;しゅうきょう;shuukyou;religion
週末;;shuumatsu;weekend
収入;しゅうにゅう;shuunyuu;income, revenue
修理;しゅうり;shuuri;repairing, mending
終了;;shuuryou;end, close, termination​
修正;しゅうせい;shuusei;amendment, correction
就職;しゅうしょく;shuushoku;finding employment
終点;;shuuten;terminus, last stop (e.g. train)​
育つ;そだつ;sodatsu;to be raised
袖;そで;sode;sleeve
祖父母;;sofubo;grandparents
底;そこ;soko;bottom, sole
速度;そくど;sokudo;speed, velocity
粗末;そまつ;somatsu;rude, rough, plain
損;そん;son;loss, disadvantage
備える;そなえる;sonaeru;to furnish, to provide for
尊重;そんちょう;sonchou;respect, esteem
損害;そんがい;songai;damage, injury, loss
尊敬;そんけい;sonkei;respect, esteem
存在;そんざい;sonzai;existence, being
夫々;;sorezore;each, respectively​
注ぐ;そそぐ;sosogu;to pour into, to fill
組織;そしき;soshiki;organization
装置;そうち;souchi;equipment, installation
早朝;;souchou;early morning
掃除機;;soujiki;vacuum cleaner​
騒音;そうおん;souon;noise
操作;そうさ;sousa;operation, management
早退;;soutai;leaving early​
相当;そうとう;soutou;considerable, suitable
相続;そうぞく;souzoku;succession, inheritance
想像;そうぞう;souzou;imagination, guess
巣;す;su;nest, hive
全て;;subete;everything, all
末;すえ;sue;tip, top, end, close
姿;すがた;sugata;figure, form, shape
筋;すじ;suji;muscle
過ごす;すごす;sugosu;to pass (time)
優れる;すぐれる;sugureru;to surpass, to excel
水準;すいじゅん;suijun;level, standard
睡眠;すいみん;suimin;sleep
推薦;すいせん;suisen;recommendation, referral
救う;すくう;sukuu;to rescue from
済ませる;すませる;sumaseru;to finish
鋭い;するどい;surudoi;sharp, pointed
進める;すすめる;susumeru;to advance, to promote
勧める;すすめる;susumeru;to recommend
素敵;すてき;suteki;lovely, beautiful
数字;すうじ;suuji;numeral, figure, digit
束;たば;taba;bundle, bunch
旅;たび;tabi;travel, trip, journey
度々;;tabitabi;often, again and again
多分;;tabun;perhaps, probably
立場;たちば;tachiba;standpoint, position
立上る;;tachiagaru;to stand up
唯;;tada;ordinary, free of charge
直ちに;ただちに;tadachi ni;at once, immediately
互い;たがい;tagai;mutual, reciprocal
態度;たいど;taido;attitude, manner
大半;たいはん;taihan;majority, more than half
逮捕;たいほ;taiho;arrest, apprehension
体育;たいいく;taiiku;physical education
体育館;;taiikukan;gymnasium
体重;;taijuu;(body) weight​
大会;たいかい;taikai;convention, tournament
大気;たいき;taiki;atmosphere
退屈;たいくつ;taikutsu;tedium, boredom
体温;たいおん;taion;body temperature
平ら;たいら;taira;flatness, level
大陸;たいりく;tairiku;continent
体力;;tairyoku;physical strength, stamina
大量;;tairyou;large quantity, mass
大戦;たいせん;taisen;great war, great battle
大使;たいし;taishi;ambassador
大した;たいした;taishita;considerable, great
対象;たいしょう;taishou;target, object
体操;;taisou;gymnastics, physical exercises
対する;たいする;tai suru;to face (each other)
大抵;;taitei;mostly, usually
太陽;たいよう;taiyou;sun, solar
滞在;たいざい;taizai;staying, sojourn
宝;たから;takara;treasure
弾;;tama;ball, sphere, globe, bullet
貯まる;;tamaru;to be saved up (of money)​
偶々;;tamatama;casually, unexpectedly
貯める;;tameru;to save up (money)
試し;ためし;tameshi;trial, test
試す;ためす;tamesu;to try out, to test
種;たね;tane;seed, kind, variety
単語;たんご;tango;word, vocabulary
谷;たに;tani;valley
単位;たんい;tan’i;unit, denomination
短気;;tanki;quick temper, short temper​
他人;たにん;ta’nin;another person, others
単なる;たんなる;tannaru;mere, simple, sheer
単に;たんに;tan ni;simply, merely
誕生;たんじょう;tanjou;birth, creation
単純;たんじゅん;tanjun;simplicity, simple
楽しむ;;tanoshimu;to enjoy (oneself)​
担当;たんとう;tantou;being in charge
倒す;たおす;taosu;to bring down
確かめる;たしかめる;tashikameru;to ascertain, to check
多少;たしょう;tashou;more or less, somewhat
達する;たっする;tassuru;to reach, to get to
助ける;たすける;tasukeru;to save, to rescue
戦い;たたかい;tatakai;battle, fight
戦う;たたかう;tatakau;to fight, to struggle
叩く;たたく;tataku;to strike, to beat
縦;;tate;the vertical, height
立て直す;;tatenaosu;to restore, to revive
経つ;たつ;tatsu;to pass, to lapse
便り;たより;tayori;news, tidings
頼る;たよる;tayoru;to rely on
提案;ていあん;teian;proposal, suggestion
停電;;teiden;power outage, blackout
程度;ていど;teido;degree, amount
定期;ていき;teiki;fixed period, fixed term
抵抗;ていこう;teikou;resistance, opposition
停留所;ていりゅうじょ;teiryuujou;bus stop, tram stop
停車;;teisha;stopping (of a train, car, etc.)
定食;;teishoku;set meal
提出;ていしゅつ;teishutsu;to present, to submit
手品;てじな;tejina;sleight of hand, magic
敵;てき;teki;opponent, rival
適する;てきする;teki suru;to fit, to suit
適度;てきど;tekido;moderate
適切;てきせつ;tekisetsu;adequate, appropriate
適用;てきよう;tekiyou;applying, adoption
手間;てま;tema;time, labor
典型;てんけい;tenkei;pattern, model
天候;てんこう;tenkou;weather
店内;;tennai;store interior​
天然;てんねん;tennen;nature, spontaneity
徹底;てってい;tettei;thoroughness, completeness
鉄;てつ;tetsu;iron
手伝い;てつだい;tetsudai;assistant, help
鉄道;てつどう;tetsudou;railroad, railway
哲学;てつがく;tetsugaku;philosophy
徹夜;てつや;tetsuya;all night
飛ばす;とばす;tobasu;to fly, to skip over
土地;とち;tochi;plot of land, soil
届く;とどく;todoku;to reach, to be delivered
徒歩;;toho;walking, going on foot​
問い;とい;toi;question, query
閉じる;とじる;tojiru;to close (book, eyes)
都会;とかい;tokai;city
解ける;とける;tokeru;to be solved, to loosen
時;とき;toki;time, hour, moment, occasion
解く;とく;toku;to untie, to solve
特徴;とくちょう;tokuchou;feature, trait
得意;とくい;tokui;one’s strong point, frequent customer
留める;;tomaru;to stop, to turn off
友;とも;tomo;friend, companion
兎に角;;tonikaku;anyhow, at any rate
通り;とおり;toori;avenue, street
通り過ぎる;とおりすぎる;toorisugiru;to pass through
通す;とおす;toosu;to force through, to let pass
虎;とら;tora;tiger
取れる;とれる;toreru;to come off, to be removed
取上げる;;toriageru;to take up, to pick up
都市;とし;toshi;town, city
年月;としつき;toshitsuki;months and years
年寄;;toshiyori;old people, the aged
図書;としょ;tosho;books
突然;とつぜん;totsuzen;abrupt, sudden
党;とう;tou;party (political)
塔;とう;tou;tower, pagoda
答案;とうあん;touan;examination paper
到着;とうちゃく;touchaku;arrival
投票;とうひょう;touhyou;voting, poll
当日;;toujitsu;appointed day, very day​
当然;;touzen;natural
登山;とざん;tozan;mountain climbing
翼;つばさ;tsubasa;wing
土;つち;tsuchi;earth, soil, dirt
次々;つぎつぎ;tsugitsugi;in succession, one by one
遂に;;tsui ni;finally, at last
捕まる;;tsukamaru;to be caught
掴む;;tsukamu;to seize, to catch
疲れ;つかれ;tsukare;tiredness, fatigue
付合い;;tsukiai;association, socializing
付き合う;;tsukiau;to associate with, to go out with
就く;つく;tsuku;to take (seat, position)
詰める;つめる;tsumeru;to stuff into, to jam
罪;つみ;tsumi;crime, sin, wrongdoing
積もる;つもる;tsumoru;to pile up, to accumulate
繋ぐ;;tsunagu;to connect, to link together
常に;つねに;tsune ni;always, constantly
角;つの;tsuno;horn
辛い;;tsurai;painful, bitter
連れ;つれ;tsure;companion, company
釣;;tsuri;fishing, angling
伝わる;;tsutawaru;to be transmitted
勤め;つとめ;tsutome;service, duty, business
包み;つつみ;tsutsumi;bundle, package, parcel
通知;;tsuuchi;notice, notification
通学;つうがく;tsuugaku;commuting to school
通じる;つうじる;tsuujiru;to lead to, to be understood
通過;つうか;tsuuka;passage through
通勤;;tsuukin;commuting to work​
通行;つうこう;tsuukou;passage, passing
通信;つうしん;tsuushin;correspondence, communication
通訳;;tsuuyaku;interpretation
梅雨;つゆ;tsuyu;rainy season
続き;つづき;tsuzuki;sequel, continuation
奪う;うばう;ubau;to snatch away
宇宙;うちゅう;uchuu;universe, cosmos
動かす;うごかす;ugokasu;to move, to shift
伺う;うかがう;ukagau;to ask, to inquire
受け取る;うけとる;uketoru;to receive, to get
浮く;;uku;to float​
馬;うま;uma;horse
生まれ;うまれ;umare;birth, birthplace
梅;うめ;ume;plum, plum tree
埋める;;umeru;to bury, to fill up
運;うん;un;fortune, luck
唸る;うなる;unaru;to groan, to moan
運動会;;undoukai;athletic meet, sports day​
裏側;;uragawa;the reverse, other side
羨ましい;;urayamashii;envious, jealous
裏切る;うらぎる;uragiru;to betray
売れる;うれる;ureru;to sell well
売り切れる;;urikireru;to be sold out​
兎;;usagi;rabbit, hare
牛;うし;ushi;cattle, cow
失う;うしなう;ushinau;to lose
疑う;うたがう;utagau;to doubt, to distrust
撃つ;うつ;utsu;to shoot, to attack
移す;うつす;utsusu;to transfer, to move
訴える;うったえる;uttaeru;to appeal, to sue
噂;うわさ;uwasa;rumor, gossip
輪;わ;wa;ring, circle, loop
話題;わだい;wadai;topic, subject
我が家;;wagaya;one’s house, one’s home
若者;;wakamono;young people
別れ;わかれ;wakare;parting, separation
訳;やく;wake;reason, cause, meaning
分ける;わける;wakeru;to divide
脇;わき;waki;beside, close to, nearby
湾;わん;wan;bay, gulf
笑い;わらい;warai;laugh, laughter
我々;われわれ;wareware;we
割;;wari;rate, ratio, proportion
割引;;waribiki;discount, reduction
割る;わる;waru;to divide, to cut
悪口;あっこう;warukuchi;bad mouth, insult
僅か;;wazuka;only, merely
破る;やぶる;yaburu;to tear, to break
家賃;やちん;yachin;rent
宿;やど;yado;inn, lodging
矢張り;;yahari;as expected
夜間;;yakan;night, nighttime​
厄介;やっかい;yakkai;trouble, nuisance
役;やく;yaku;use, service, role
約;やく;yaku;approximately, about
役立つ;;yakudatsu;to be useful, to be helpful
役割;やくわり;yakuwari;part, role, duties
野球;;yakyuu;baseball
山登り;;yamanobori;mountain climbing
辞める;やめる;yameru;to retire, to resign
屋根;やね;yane;roof
雇う;やとう;yatou;to employ, to hire
夜明け;よあけ;yoake;dawn, daybreak
予防;よぼう;yobou;prevention, precaution
余分;よぶん;yobun;extra, excess
汚れ;;yogore;dirt, filth, stain
予報;よほう;yohou;forecast, prediction
予期;よき;yoki;expectation, forecast
横切る;よこぎる;yokogiru;to cross, to traverse
横;;yoko;horizontal, beside
翌朝;;yokuasa;next morning​
翌年;;yokutoshi;following year​
嫁;よめ;yome;wife, bride
読み;よみ;yomi;reading
夜中;よなか;yonaka;midnight, dead of night
世の中;よのなか;yo no naka;world, society
喜び;よろこび;yorokobi;joy, delight
予算;よさん;yosan;estimate, budget
予測;よそく;yosoku;prediction, estimation
予想;;yosou;expectation, prediction
予想外;;yosougai;unexpected, unforeseen
止す;;yosu;to cease, to desist
酔う;よう;you;to get drunk
容易;ようい;youi;easy, simple, plain
容器;;youki;container, vessel
用心;ようじん;youjin;care, precaution
陽気;ようき;youki;weather, cheerful
要求;ようきゅう;youkyuu;demand, firm request
用紙;;youshi;blank form​
要素;ようそ;youso;element, factor, component
様子;ようす;yousu;state, appearance
要点;ようてん;youten;gist, main point
余裕;よゆう;yoyuu;surplus, margin
唯一;ゆいいつ;yuiitsu;only, sole, unique
床;ゆか;yuka;floor
愉快;ゆかい;yukai;pleasant, happy
行き;ゆき;yuki;bound for, going to
行き先;;yukisaki;destination, whereabouts
許す;ゆるす;yurusu;to permit, to allow
豊か;ゆたか;yutaka;abundant, wealthy
郵便;ゆうびん;yuubin;mail service
遊園地;;yuuenchi;amusement park
夕方;;yuugata;evening, dusk​
友人;ゆうじん;yuujin;friend
友情;ゆうじょう;yuujou;friendship, fellowship
勇気;ゆうき;yuuki;courage, bravery
有効;ゆうこう;yuukou;validity, effectiveness
友好;;yuukou;friendship
有能;ゆうのう;yuunou;capable, efficient
有利;ゆうり;yuuri;advantageous, profitable
有料;;yuuryou;fee-charging, paid
優勝;ゆうしょう;yuushou;championship, overall victory
優秀;ゆうしゅう;yuushuu;superiority, excellence
郵送;;yuusou;mailing, posting​
譲る;ゆずる;yuzuru;to hand over, to surrender
稍;;yaya;a little, partially
材料;ざいりょう;zairyou;ingredients, material
財産;ざいさん;zaisan;property, fortune, assets
残業;;zangyou;overtime (work)​
座席;ざせき;zaseki;seat
是非;;zehi;certainly, without fail
税金;ぜいきん;zeikin;tax, duty
贅沢;ぜいたく;zeitaku;luxury, extravagance
善;ぜん;zen;good, goodness, virtue
前後;;zengo;before and after​, front and rear
全員;ぜんいん;zen’in;all members, everyone
前日;;zenjitsu;previous day, day before
全国;ぜんこく;zenkoku;countrywide, nationwide
前者;ぜんしゃ;zensha;the former
前進;ぜんしん;zenshin;advance, drive, progress
全身;;zenshin;whole (body), full-length
全体;ぜんたい;zentai;whole, entirety
絶対;ぜったい;zettai;absolutely
絶滅;ぜつめつ;zetsumetsu;destruction, exinction
象;ぞう;zou;elephant
増加;ぞうか;zouka;increase
図;ず;zu;drawing, picture, diagram
随分;;zuibun;very, extremely
頭痛;ずつう;zutsuu;headache
